marca,nombre_vehiculo,bateria,caballo_fuerza,velocidad_max,performance,precio,combustible,asientos,torque,bateria_unidad,bateria_valor,caballo_fuerza_unidad
ferrari,SF90 STRADALE,3990 cc,963,340,2.5,1100000.0,híbrido enchufable,2,800,cc,3990.0,
rolls royce,PHANTOM,6749 cc,563,250,5.3,460000.0,gasolina,5,900,cc,6749.0,
ford,KA+,"1,200 cc",70,165,10.5,12000.0,gasolina,5,100,cc,1200.0,
mercedes,GT 63 S,"3,982 cc",630,250,3.2,161000.0,gasolina,4,900,cc,3982.0,
audi,AUDI R8 Gt,"5,204 cc",602,320,3.6,253290.0,gasolina,2,560,cc,5204.0,
bmw,Mclaren 720s,"3,994 cc",710,341,2.9,499000.0,gasolina,2,770,cc,3994.0,
aston martin,VANTAGE F1,"3,982 cc",656,314,3.6,193440.0,gasolina,2,685,cc,3982.0,
bentley,Continental GT Azure,"3,996 cc",550,318,4.0,311000.0,gasolina,4,900,cc,3996.0,
lamborghini,VENENO ROADSTER,"6,498 cc",750,356,2.9,4500000.0,gasolina,2,690,cc,6498.0,
ferrari,F8 TRIBUTO,"3,900 cc",710,340,2.9,280000.0,gasolina,2,770,cc,3900.0,
ferrari,812 GTS,6496 cc,789,340,2.9,350000.0,gasolina,2,718,cc,6496.0,
ferrari,PORTOFINO,"3,900 cc",592,320,3.2,210000.0,gasolina,,760,cc,3900.0,
ferrari,ROMA,"3,900 cc",612,320,3.4,230000.0,gasolina,,760,cc,3900.0,
ferrari,MONZA SP2,"6,496 cc",789,340,2.9,1700000.0,gasolina,2,719,cc,6496.0,
ferrari,F8 SPIDER,"3,900 cc",710,340,2.9,280000.0,gasolina,2,770,cc,3900.0,
ferrari,PORTOFINO M,"3,900 cc",612,320,3.2,220000.0,gasolina,,760,cc,3900.0,
ferrari,ROMA SPIDER,"3,900 cc",612,320,3.4,240000.0,gasolina,,760,cc,3900.0,
toyota,GR SUPRA,"2,998 cc",382,250,4.1,53900.0,gasolina,2,500,cc,2998.0,
toyota,TOYOTA 86,"1,998 cc",205,226,6.4,27000.0,gasolina,,205,cc,1998.0,
toyota,TOYOTA  GR86,"2,387 cc",228,226,5.6,30000.0,gasolina,4,250,cc,2387.0,
toyota,TOYOTA LAND CRUISER,"5,663 cc",381,220,6.7,85000.0,diesel,7,500,cc,5663.0,
toyota,TOYOTA SEQUOIA,"5,663 cc",381,200,6.9,50000.0,gasolina,7,651,cc,5663.0,
nissan,GT-R,"3,799 cc",600,315,2.9,113000.0,gasolina,4,637,cc,3799.0,
nissan,370Z,"3,696 cc",332,250,4.7,30000.0,gasolina,2,366,cc,3696.0,
nissan,Z PROTO,"2,998 cc",400,290,4.1,40000.0,gasolina,2,475,cc,2998.0,
nissan,ALTIMA,"2,488 cc",188,225,7.3,25000.0,gasolina,5,380,cc,2488.0,
nissan,MAXIMA,"3,498 cc",300,240,5.8,35000.0,gasolina,5,354,cc,3498.0,
nissan,SENTRA,"1,998 cc",149,200,8.2,20000.0,gasolina,5,240,cc,1998.0,
nissan,ROGUE,"2,488 cc",201,200,7.5,28000.0,gasolina,5,270,cc,2488.0,
nissan,PATHFINDER,"3,498 cc",284,225,6.5,35000.0,gasolina,7,351,cc,3498.0,
nissan,FRONTIER,"3,799 cc",310,180,6.8,30000.0,gasolina,5,381,cc,3799.0,
nissan,TITAN,"5,598 cc",400,200,5.9,40000.0,gasolina,5,560,cc,5598.0,
aston martin,VALKYRIE,"6,496 cc",1160,402,2.5,3200000.0,hibrido,2,900,cc,6496.0,
aston martin,VALHALLA,"3,996 cc",1000,362,2.5,1100000.0,hibrido,2,1000,cc,3996.0,
aston martin,DBS SUPERLEGGERA,"5,204 cc",715,340,3.4,316000.0,gasolina,2,900,cc,5204.0,
aston martin,DB11,"5,204 cc",600,322,3.9,208000.0,gasolina,4,700,cc,5204.0,
aston martin,VANTAGE,"3,996 cc",503,313,3.6,142000.0,gasolina,2,685,cc,3996.0,
aston martin,DBX,"3,996 cc",542,291,4.5,189000.0,gasolina,5,700,cc,3996.0,
aston martin,RAPIDE AMR,"5,935 cc",580,328,4.2,240000.0,gasolina,4,630,cc,5935.0,
aston martin,VANQUISH,"5,935 cc",580,324,3.6,294000.0,gasolina,2,630,cc,5935.0,
aston martin,LAGONDA TARAF,"5,935 cc",540,314,4.2,1100000.0,gasolina,4,630,cc,5935.0,
aston martin,VICTOR,"5,204 cc",836,320,2.8,1300000.0,gasolina,2,821,cc,5204.0,
lamborghini,SIAN,"6,498 cc",819,350,2.8,2800000.0,hibrido,2,720,cc,6498.0,
lamborghini,AVENTADOR SVJ,"6,498 cc",759,350,2.8,518000.0,gasolina,2,720,cc,6498.0,
lamborghini,HURACAN PERFORMANTE,"5,204 cc",640,325,2.9,274000.0,gasolina,2,600,cc,5204.0,
lamborghini,HURACAN EVO,"5,204 cc",640,325,2.9,261000.0,gasolina,2,600,cc,5204.0,
lamborghini,AVENTADOR SV,"6,498 cc",740,350,2.8,493000.0,gasolina,2,690,cc,6498.0,
lamborghini,URUS,"3,996 cc",641,305,3.6,211000.0,gasolina,5,850,cc,3996.0,
lamborghini,HURACAN SPYDER,"5,204 cc",610,325,3.4,287000.0,gasolina,2,600,cc,5204.0,
lamborghini,AVENTADOR ROADSTER,"6,498 cc",700,350,3.0,445000.0,gasolina,2,690,cc,6498.0,
lamborghini,HURACAN  PERFORMANTE SPYDER,"5,204 cc",640,325,3.1,308000.0,gasolina,2,600,cc,5204.0,
lamborghini,AVENTADOR S,"6,498 cc",740,350,2.9,421000.0,gasolina,2,690,cc,6498.0,
lamborghini,HURACAN EVO SPYDER,"5,204 cc",640,325,3.1,287000.0,gasolina,2,600,cc,5204.0,
lamborghini,URUS PERFORMANTE,"3,996 cc",641,305,3.3,242000.0,gasolina,5,850,cc,3996.0,
lamborghini,AVENTADOR ULTIMAE,"6,498 cc",769,355,2.8,545000.0,gasolina,2,720,cc,6498.0,
lamborghini,HURACAN EVO RWD,"5,204 cc",610,325,3.3,258000.0,gasolina,2,560,cc,5204.0,
lamborghini,AVENTADOR SVJ ROADSTER,"6,498 cc",759,350,2.9,573000.0,gasolina,2,720,cc,6498.0,
lamborghini,URUS S,"3,996 cc",671,305,3.3,263000.0,gasolina,5,850,cc,3996.0,
lamborghini,HURACAN STO,"5,204 cc",640,325,3.0,327000.0,gasolina,2,565,cc,5204.0,
lamborghini,AVENTADOR LP 780-4 ULTIMATE,"6,498 cc",769,355,2.8,545000.0,gasolina,2,720,cc,6498.0,
lamborghini,HURACAN EVO RWD SPYDER,"5,204 cc",610,325,3.3,273000.0,gasolina,2,600,cc,5204.0,
lamborghini,AVENTADOR SVJ XAGO,"6,498 cc",759,350,2.9,603000.0,gasolina,2,720,cc,6498.0,
lamborghini,URUS GRAPHITE CAPSULE,"3,998 cc",641,305,3.3,253000.0,gasolina,5,850,cc,3998.0,
lamborghini,HURACAN STO EVO,"5,204 cc",640,325,3.0,342000.0,gasolina,2,565,cc,5204.0,
lamborghini,AVENTADOR LP 780-4 ULTIMATE ROADSTER,"6,498 cc",769,355,2.8,573000.0,gasolina,2,720,cc,6498.0,
rolls royce ,GHOST,"6,592 cc",591,250,4.8,332000.0,gasolina,5,850,cc,6592.0,
rolls royce,WRAITH,"6,592 cc",624,250,4.4,330000.0,gasolina,4,870,cc,6592.0,
rolls royce,DAWN,"6,592 cc",624,250,4.9,360000.0,gasolina,4,870,cc,6592.0,
rolls royce,CULLINAN,"6,749 cc",563,250,5.2,325000.0,gasolina,5,850,cc,6749.0,
rolls royce,PHANTOM EXTENDED,"6,749 cc",563,250,5.3,500000.0,gasolina,5,900,cc,6749.0,
rolls royce,GHOST EXTENDED,"6,592 cc",591,250,4.8,370000.0,gasolina,5,850,cc,6592.0,
rolls royce,WRAITH BLACK BADGE,"6,592 cc",624,250,4.3,360000.0,gasolina,4,870,cc,6592.0,
rolls royce,DAWN BLACK BADGE,"6,592 cc",624,250,4.8,390000.0,gasolina,4,870,cc,6592.0,
rolls royce,CULLINAN BLACK BADGE,"6,749 cc",563,250,5.1,350000.0,gasolina,5,850,cc,6749.0,
rolls royce,PHANTOM COUPE,"6,749 cc",563,250,5.3,450000.0,gasolina,4,870,cc,6749.0,
rolls royce,GHOST COUPE,"6,592 cc",591,250,4.8,340000.0,gasolina,4,850,cc,6592.0,
rolls royce,WRAITH COUPE,"6,592 cc",624,250,4.4,330000.0,gasolina,4,870,cc,6592.0,
rolls royce,DAWN CONVERTIBLE,"6,592 cc",624,250,4.9,380000.0,gasolina,4,870,cc,6592.0,
rolls royce,CULLINAN SUV,"6,749 cc",563,250,5.2,320000.0,gasolina,5,850,cc,6749.0,
mercedes,BENZ S-CLASS S 580,"3,982 cc",496,250,4.4,116000.0,gasolina,5,700,cc,3982.0,
mercedes,BENZ E-CLASS E 63 S,"3,982 cc",603,250,3.4,104000.0,gasolina,5,850,cc,3982.0,
mercedes,BENZ CLA 45 AMG,1991 cc,382,250,4.1,53000.0,gasolina,5,500,cc,1991.0,
mercedes,BENZ GLE 63 S,"3,982 cc",603,250,4.2,113000.0,gasolina,5,850,cc,3982.0,
mercedes,BENZ S-CLASS S 500,"2,996 cc",429,250,4.9,109000.0,gasolina,5,700,cc,2996.0,
mercedes,BENZ E-CLASS E 450,"2,996 cc",362,250,5.2,62000.0,gasolina,5,500,cc,2996.0,
mercedes,BENZ CLS 450,"2,996 cc",362,250,5.2,70000.0,gasolina,5,500,cc,2996.0,
mercedes,BENZ GT 53,"2,996 cc",429,250,4.5,99000.0,gasolina,5,700,cc,2996.0,
mercedes,BENZ GLE 450,"2,996 cc",362,250,5.5,63000.0,gasolina,5,500,cc,2996.0,
mercedes,BENZ A-CLASS A 45 S,"1,991 cc",416,250,3.9,53000.0,gasolina,5,500,cc,1991.0,
mercedes,BENZ C-CLASS C 43,"2,996 cc",402,250,4.7,52000.0,gasolina,5,520,cc,2996.0,
mercedes,BENZ E-CLASS E 350,"1,991 cc",255,250,5.7,49000.0,gasolina,5,500,cc,1991.0,
mercedes,BENZ GLE 350,"1,991 cc",255,250,6.1,53000.0,gasolina,5,500,cc,1991.0,
mercedes,BENZ GLC 43,"2,996 cc",402,250,4.7,54000.0,gasolina,5,520,cc,2996.0,
mercedes,BENZ GLA 45,"1,991 cc",382,250,4.3,48000.0,gasolina,5,500,cc,1991.0,
mercedes,BENZ GLC 350,"1,991 cc",255,250,6.1,46000.0,gasolina,5,500,cc,1991.0,
mercedes,BENZ GLE 53,"2,996 cc",429,250,5.2,71000.0,gasolina,5,620,cc,2996.0,
mercedes,BENZ S-CLASS S 350,"1,991 cc",255,250,6.5,90000.0,gasolina,5,500,cc,1991.0,
mercedes,BENZ MAYBACH S 680,"5,980 cc",630,250,4.7,200000.0,gasolina,5,1000,cc,5980.0,
bmw,M5 CS,"4,395 cc",627,305,3.0,142000.0,gasolina,5,750,cc,4395.0,
bmw,M4 GTS,"2,993 cc",493,305,3.7,133000.0,gasolina,4,600,cc,2993.0,
bmw,M3 COMPETITION,"2,993 cc",503,285,3.5,76000.0,gasolina,5,650,cc,2993.0,
bmw,M2 CS,"2,993 cc",444,280,4.0,83000.0,gasolina,4,550,cc,2993.0,
bmw,X5 M COMPETITION,"4,935 cc",523,285,4.1,114000.0,gasolina,5,750,cc,4935.0,
bmw,X3 M COMPETITION,"2,993 cc",503,285,4.1,69000.0,gasolina,5,650,cc,2993.0,
bmw,M8 GRAN COUPE,"4,395 cc",523,305,3.3,146000.0,gasolina,5,750,cc,4395.0,
bmw,M850i DRIVE COUPE,"4,935 cc",523,285,3.7,108000.0,gasolina,4,750,cc,4935.0,
rolls royce,DAWN BLACK BADGE VOLANTE,"6,592 cc",563,250,4.8,398000.0,gasolina,4,840,cc,6592.0,
rolls royce,CULLINAN BLACK BADGE SUV,"6,749 cc",563,250,5.1,381000.0,gasolina,5,850,cc,6749.0,
rolls royce,PHATOM TRANQUILITY,"6,749 cc",563,250,5.3,475000.0,gasolina,5,900,cc,6749.0,
rolls royce,GHOST ZENITH,"6,749 cc",563,250,4.9,335000.0,gasolina,5,900,cc,6749.0,
rolls royce,WRAITH EAGLE VIII,"6,592 cc",623,250,4.5,349000.0,gasolina,4,800,cc,6592.0,
rolls royce,PHATOM ORCHID,"6,749 cc",563,250,5.3,495000.0,gasolina,5,900,cc,6749.0,
rolls royce,GHOST AZURE,"6,749 cc",563,250,4.9,355000.0,gasolina,5,900,cc,6749.0,
rolls royce,WRAITH KRYPTOS,"6,592 cc",623,250,4.5,369000.0,gasolina,4,800,cc,6592.0,
rolls royce,DAWN SILVER BULLET,"6,592 cc",563,250,4.8,418000.0,gasolina,4,840,cc,6592.0,
rolls royce,CULLINAN FUX ORANGE,"6,749 cc",563,250,5.1,401000.0,gasolina,5,850,cc,6749.0,
rolls royce,PHANTOM CELESTIAL,"6,749 cc",563,250,5.3,515000.0,gasolina,5,900,cc,6749.0,
rolls royce,GHOST MYSORE,"6,749 cc",563,250,4.9,375000.0,gasolina,5,900,cc,6749.0,
rolls royce,WRAITH LUMINARY,"6,592 cc",623,250,4.5,389000.0,gasolina,4,800,cc,6592.0,
rolls royce,DAWN BLACK BADGE ADAMAS,"6,592 cc",563,250,4.8,439000.0,gasolina,4,840,cc,6592.0,
rolls royce,CULLINAN RED DIAMOND,"6,749 cc",563,250,5.1,421000.0,gasolina,5,850,cc,6749.0,
audi,R8 V10 PLUS,"5,204 cc",610,330,3.2,194000.0,gasolina,2,560,cc,5204.0,
audi,RS7 SPORTBACK,"3,993 cc",591,305,3.6,114000.0,gasolina,5,800,cc,3993.0,
audi,S8,"3,993 cc",563,305,4.3,101000.0,gasolina,5,800,cc,3993.0,
audi,RS6 AVANT,"3,993 cc",591,305,3.6,109000.0,gasolina,5,800,cc,3993.0,
audi,S7 SPORTBACK,"3,993 cc",563,305,4.3,96000.0,gasolina,5,650,cc,3993.0,
audi,A8,"2,995 cc",335,250,5.7,86000.0,gasolina,5,600,cc,2995.0,
audi,S5 COUPE,"2,995 cc",349,250,4.8,64000.0,gasolina,4,500,cc,2995.0,
audi,SQ5,"2,995 cc",349,250,5.4,62000.0,gasolina,5,500,cc,2995.0,
audi,S4 SEDAN,"2,995 cc",349,250,4.7,59000.0,gasolina,5,500,cc,2995.0,
audi,S3 SEDAN,"1,984 cc",306,250,4.8,52000.0,gasolina,5,400,cc,1984.0,
audi,Q7,"2,995 cc",335,250,6.3,60000.0,gasolina,7,600,cc,2995.0,
audi,Q5,"1,984 cc",248,240,6.3,43000.0,gasolina,5,500,cc,1984.0,
audi,A7,"2,995 cc",335,250,5.7,68000.0,gasolina,5,600,cc,2995.0,
audi,A6,"2,995 cc",335,250,5.7,58000.0,gasolina,5,600,cc,2995.0,
audi,A5 COUPE,"1,984 cc",248,240,6.3,45000.0,gasolina,4,500,cc,1984.0,
audi,A4,"1,984 cc",248,240,6.5,39000.0,gasolina,5,400,cc,1984.0,
audi,Q3,"1,984 cc",248,230,7.3,35000.0,gasolina,5,400,cc,1984.0,
audi,E-TRON,95 kwh,402,200,5.5,75000.0,electrico,5,664,kwh,95.0,
audi,E-TRON SPORTBACK,95 kwh,402,200,5.5,78000.0,electrico,5,664,kwh,95.0,
audi,TT COUPE,"1,984 cc",248,250,5.3,49000.0,gasolina,2,400,cc,1984.0,
bmw,I8 ROADSTER,11.6 kwh,369,250,4.4,165000.0,hibrido,2,570,kwh,11.6,
bmw,330i,"1,998 cc",255,250,5.6,45000.0,gasolina,5,400,cc,1998.0,
bmw,M340i XDRIVE,"2,998 cc",382,250,4.1,57000.0,gasolina,5,500,cc,2998.0,
bmw,430i COUPE,"1,998 cc",255,250,5.8,48000.0,gasolina,4,400,cc,1998.0,
bmw,M4 COMPETITION,"2,993 cc",503,290,3.8,81000.0,gasolina,4,650,cc,2993.0,
bmw,530i,"1,998 cc",248,250,5.9,57000.0,gasolina,5,400,cc,1998.0,
bmw,M550i XDRIVE,"4,395 cc",523,250,3.6,78000.0,gasolina,5,650,cc,4395.0,
bmw,118i,"1,499 cc",136,213,8.5,32000.0,gasolina,5,220,cc,1499.0,
bmw,128ti,"1,998 cc",261,250,6.1,42000.0,gasolina,5,400,cc,1998.0,
bmw,M135i XDRIVE,"1,998 cc",302,250,4.8,30000.0,gasolina,5,450,cc,1998.0,
bmw,116D,"1,496 cc",116,200,10.3,30000.0,diesel,5,280,cc,1496.0,
bmw,120D XDRIVE,"1,995 cc",190,230,6.9,38000.0,diesel,5,400,cc,1995.0,
bmw,116i,"1,499 cc",109,200,10.9,28000.0,gasolina,5,200,cc,1499.0,
bmw,118D,"1,995 cc",150,216,8.4,34000.0,diesel,5,380,cc,1995.0,
bmw,120i,"1,998 cc",178,230,7.1,37000.0,gasolina,5,300,cc,1998.0,
bmw,125i,"1,998 cc",224,240,6.1,42000.0,gasolina,5,400,cc,1998.0,
bmw,114D,"1,496 cc",95,185,12.2,27000.0,diesel,5,270,cc,1496.0,
bmw,114i,"1,598 cc",102,195,11.2,26000.0,gasolina,5,200,cc,1598.0,
bmw,125D,"1,995 cc",224,240,6.3,44000.0,diesel,5,400,cc,1995.0,
bmw,118i XDRIVE,"1,499 cc",136,211,8.9,34000.0,gasolina,5,250,cc,1499.0,
bmw,116D EFFICIENTDYNAMICS,"1,496 cc",116,200,10.9,30000.0,diesel,5,270,cc,1496.0,
bmw,118i SPORTLINE,"1,499 cc",136,213,8.5,35000.0,gasolina,5,250,cc,1499.0,
bmw,118i M SPORT,"1,499 cc",136,213,8.5,37000.0,gasolina,5,250,cc,1499.0,
bmw,120i M SPORT,"1,998 cc",178,230,7.1,39000.0,gasolina,5,300,cc,1998.0,
bmw,116i EFFICIENTDYNAMICS,"1,598 cc",109,195,10.9,29000.0,gasolina,5,200,cc,1598.0,
bmw,116D ADVANTAGE,"1,496 cc",116,200,10.5,31000.0,diesel,5,270,cc,1496.0,
bmw,120D EFFICIENTDYNAMICS,"1,995 cc",163,225,7.7,39000.0,diesel,5,400,cc,1995.0,
bmw,118i SHADOW LINE,"1,499 cc",136,213,8.5,36000.0,gasolina,5,250,cc,1499.0,
bmw,118D SPORT LINE,"1,995 cc",150,216,8.4,36000.0,diesel,5,380,cc,1995.0,
bmw,120i XDRIVE,"1,998 cc",178,230,7.2,40000.0,gasolina,5,300,cc,1998.0,
bmw,114D SPORT LINE,"1,496 cc",95,185,12.2,28000.0,diesel,5,270,cc,1496.0,
bmw,118i URBAN LINE,"1,499 cc",136,213,8.5,35000.0,gasolina,5,250,cc,1499.0,
volvo,XC90,"1,969 cc",247,200,6.5,60000.0,gasolina/diesel,7,400,cc,1969.0,
volvo,XC60,"1,969 cc",247,220,6.4,55000.0,gasolina/diesel,5,400,cc,1969.0,
volvo,S90,"1,969 cc",295,250,5.9,60000.0,gasolina/diesel,5,400,cc,1969.0,
kia,SPORTAGE LX,"2,480 cc",187,200,8.0,27000.0,gasolina,5,250,cc,2480.0,
kia,SPORTAGE EX,"2,480 cc",187,200,8.0,30000.0,gasolina,5,250,cc,2480.0,
kia,SPORTAGE GT-LINE,"2,480 cc",187,200,8.0,32000.0,gasolina,5,350,cc,2480.0,
kia,SPORTAGE SX TURBO,"1,998 cc",240,210,6.7,36000.0,gasolina,5,400,cc,1998.0,
kia,SPORTAGE NIGHTFALL EDITION,"2,480 cc",187,200,8.0,33000.0,gasolina,5,350,cc,2480.0,
honda,CIVIC TYPE R,"1,996 cc",315,272,5.7,44000.0,gasolina,5,400,cc,1996.0,
kia,SPORTAGE PHEV,"1,600 cc / 13.8 kwh",261,180,8.0,41000.0,híbrido enchufable,5,350,cc,160013.8,
kia,SPORTAGE 2024(BASE MODEL),"2,480 cc",187,200,8.0,26000.0,gasolina,5,250,cc,2480.0,
kia,SPORTAGE 2024(TOP TRIM),"1,998 cc",240,210,6.7,38000.0,gasolina,5,400,cc,1998.0,
kia,SPORTAGE 2024(BASE AWD),"2,480 cc",187,200,8.3,29000.0,gasolina AWD,5,250,cc,2480.0,
kia,SPORTAGE X-LINE,"2,480 cc",187,200,8.0,32500.0,gasolina,5,350,cc,2480.0,
kia,SPORTAGE 2024(S TRIM),"2,480 cc",187,200,8.2,28000.0,gasolina,5,250,cc,2480.0,
honda,ACCORD,"1,498 cc",192,201,7.1,29400.0,gasolina,5,370,cc,1498.0,
kia,SPORTAGE 2024(HYBRID AWD),"1,600 cc / 1.49 kwh",227,180,8.0,37000.0,hibrido,5,350,cc,16001.49,
kia,SPORTAGE 2024(PLUG-IN HYBRID AWD),"1,598 cc / 13.8 kwh",261,180,7.9,42000.0,híbrido enchufable,5,350,cc,159813.8,
kia,SPORTAGE 2024(X-PRO),"2,480 cc",187,200,8.1,36000.0,gasolina,5,400,cc,2480.0,
kia,SPORTAGE 2024(X-PRO PRESTIGE),"2,480 cc",187,200,8.1,38000.0,gasolina,5,400,cc,2480.0,
kia,SPORTAGE 2024(SX TURBO AWD),"1,998 cc",240,210,6.5,40000.0,gasolina AWD,5,400,cc,1998.0,
kia  ,SPORTAGE 2024(BASE FWD),"2,480 cc",187,200,8.5,26500.0,gasolina,5,250,cc,2480.0,
honda,CR-V,"1,498 cc",190,186,8.2,30000.0,gasolina/hibrido,5,400,cc,1498.0,
honda,PILOT,"3,471 cc",285,209,6.3,40000.0,gasolina,8,360,cc,3471.0,
honda,CIVIC HATCHBACK,"1,498 cc",180,220,6.8,26350.0,gasolina,5,300,cc,1498.0,
toyota,CAMRY,"3,500 cc",301,220,6.0,27000.0,gasolina/hibrido,5,250,cc,3500.0,
toyota,COROLLA,"1,798 cc",139,180,9.4,22500.0,gasolina/hibrido,5,200,cc,1798.0,
toyota,PRIUS,"1,798 cc",121,180,10.5,26700.0,hibrido,5,142,cc,1798.0,
toyota,RAV4,"2,494 cc",203,200,8.1,27100.0,gasolina/hibrido,5,400,cc,2494.0,
toyota,HIGHLANDER,"3,456 cc",295,220,7.2,38400.0,gasolina/hibrido,7,370,cc,3456.0,
toyota,4RUNNER,"3,956 cc",270,200,7.5,37400.0,gasolina,5,400,cc,3956.0,
toyota,TACOMA,"2,694 cc",159,180,9.5,26400.0,gasolina,5,400,cc,2694.0,
toyota,TUNDRA,"5,663 cc",381,220,6.7,39900.0,gasolina,5,650,cc,5663.0,
toyota,AVALON,"3,456 cc",301,220,6.9,41400.0,gasolina,5,400,cc,3456.0,
toyota,MIRAI,"1,798 cc",151,180,9.2,52400.0,hidrogeno,5,335,cc,1798.0,
toyota,SIENNA,"2,494 cc",245,190,8.0,44150.0,gasolina/hibrido,7,360,cc,2494.0,
toyota,VENZA,"2,494 cc",219,200,7.5,33400.0,hibrido,5,400,cc,2494.0,
toyota,HIGHLANDER HYBRID,"3,456 cc",240,220,8.2,40400.0,hibrido,7,350,cc,3456.0,
toyota,LAND CRUISER PRADO,"3,956 cc",282,200,7.2,49400.0,gasolina/diesel,7,450,cc,3956.0,
toyota,TUNDRA HYBRID,"3,456 cc",344,220,6.2,43400.0,hibrido,5,650,cc,3456.0,
toyota,YARIS,"1,496 cc",106,180,11.2,18400.0,gasolina,5,150,cc,1496.0,
toyota,C-HR,"1,986 cc",144,200,10.2,24400.0,gasolina/hibrido,5,250,cc,1986.0,
toyota,BZ4X,"64.8 kwh (Base Model),72.8 kwh (Higher End Model",218,200,7.5,43400.0,electrico,5,330,kwh,,
toyota,CROWN,"2,494 cc",236,200,7.6,38400.0,hibrido,5,400,cc,2494.0,
toyota,MR2,"1,986 cc",168,200,6.9,29000.0,gasolina,2,400,cc,1986.0,
toyota,CELICA,"1,986 cc",140,200,8.5,25000.0,gasolina,5,250,cc,1986.0,
honda,CITY,"1,497 cc",119,180,10.2,15400.0,gasolina/hibrido,5,145,cc,1497.0,
honda,CIVIC,"1,996 cc",158,200,8.5,20400.0,gasolina,5,400,cc,1996.0,
hyundai,I10,"1,197 cc",87,160,12.2,12400.0,gasolina,5,120,cc,1197.0,
hyundai,I20,"1,396 cc",99,180,10.5,15400.0,gasolina/hibrido,5,250,cc,1396.0,
hyundai,ELANTRA,"1,999 cc",147,200,9.5,18400.0,gasolina/hibrido,5,250,cc,1999.0,
mahindra,XUV500,"2,179 cc",155,180,10.5,18400.0,diesel,7,400,cc,2179.0,
mahindra,SCORPIO,"2,179 cc",140,160,11.2,16400.0,diesel,7,280,cc,2179.0,
mahindra,THAR,"1,997 cc",150,180,10.5,20400.0,gasolina/diesel,4,320,cc,1997.0,
maruti suzuki,SWIFT,"1,197 cc",83,160,12.2,10400.0,gasolina,5,113,cc,1197.0,
maruti suzuki,DZIRE,"1,197 cc",83,160,12.2,11400.0,gasolina/diesel,5,113,cc,1197.0,
maruti suzuki,BREZZA,"1,462 cc",103,180,11.5,14400.0,gasolina,5,200,cc,1462.0,
toyota,PRIUS PRIME,"1,998 cc",220,180,6.7,31100.0,híbrido enchufable,5,220,cc,1998.0,
toyota,GR COROLLA,"1,618 cc",300,230,5.0,36995.0,gasolina,5,370,cc,1618.0,
toyota,LAND CRUISER 300,"3,346 cc",305,210,6.8,58500.0,gasolina/diesel,7,650,cc,3346.0,
toyota,TUNDRA I-FORCE MAX,"3,445 cc",437,180,6.2,56000.0,hibrido,5,750,cc,3445.0,
toyota,COROLLA HATCHBACK XSE,"1,987 cc",169,190,8.2,25390.0,gasolina,5,250,cc,1987.0,
toyota,MIRAI,1.24 kwh,152,180,9.0,49500.0,hidrogeno,5,335,kwh,1.24,
toyota,HILUX GR SPORT,"2,755 cc",224,170,10.0,50000.0,gasolina/diesel,5,500,cc,2755.0,
toyota,ALPHARD EXECUTIVE LOUNGE,"HYBRID(2,494 cc),V6(3,456 cc)",296,180,8.5,60000.0,gasolina,7,400,HYBRID,249463456.0,
toyota,FORTUNER GR SPORT,"2,755 cc",204,175,10.5,55000.0,diesel/gasolina,7,500,cc,2755.0,
toyota,INNOVA HYCROSS,"1,987 cc",184,165,9.5,40000.0,hibrido,7,250,cc,1987.0,
toyota,URBAN CRUISER TAISOR,"1,490 cc",114,170,11.0,25000.0,gasolina,5,130,cc,1490.0,
toyota,AYGO X,998 cc,71,160,14.8,18000.0,gasolina,4,93,cc,998.0,
toyota,HILUX REVO ROCCO,"2,755 cc",204,175,10.0,50000.0,diesel,5,500,cc,2755.0,
toyota,PROACE VERSO ELECTRIC,75 KWH,136,130,13.5,55000.0,electrico,7,280,KWH,75.0,
toyota,CENTURY SUV,"3,456 cc",406,200,6.0,170000.0,gasolina,5,500,cc,3456.0,
toyota,COROLLA SEDAN HYBRID,"1,798 cc",134,180,10.0,24000.0,hibrido,5,300,cc,1798.0,
toyota,BZ3,65 KWH,241,160,7.5,35000.0,electrico,5,340,KWH,65.0,
toyota,GR YARIS,"1,618 cc",268,230,5.5,45000.0,gasolina,4,390,cc,1618.0,
hyundai,SANTA FE,"1,600 cc",253,180,9.3,50000.0,gasolina/hibrido,7,420,cc,1600.0,
hyundai,IONIQ 5,72.6 KWH,225,185,7.4,41000.0,electrico,5,350,KWH,72.6,
hyundai,Santa Cruz,"2,500 cc",281,215,6.5,40799.0,gasolina,5,400,cc,2500.0,
hyundai,Kona,"1,591 cc",147,185,10.5,20500.0,gasolina/EV,5,400,cc,1591.0,
hyundai,Elantra,"2,000 cc",147,210,8.3,19950.0,gasolina/hibrido,5,250,cc,2000.0,
hyundai,IONIQ 6,53.6 kwh(Standard Range) / 77.4 kwh(Long Range),320,185,5.2,41450.0,electrico,5,350,kwh,,
hyundai,Tucson,"2,500 cc",187,180,6.1,30500.0,gasolina/hibrido,5,400,cc,2500.0,
hyundai,Palisade,"3,800 cc",291,240,6.3,52000.0,gasolina,7,355,cc,3800.0,
hyundai,Sonata,"2,500 cc",191,240,8.0,25000.0,gasolina/hibrido,5,250,cc,2500.0,
hyundai,Accent,"1,600 cc",120,180,9.8,15000.0,gasolina,5,151,cc,1600.0,
hyundai,Venue,"1,600 cc",121,180,9.5,18000.0,gasolina,5,240,cc,1600.0,
hyundai,KONA Electric,39.2 kwh,200,200,6.1,40000.0,electrico,5,395,kwh,39.2,
hyundai,Veloster,"2,000 cc",275,220,6.0,25000.0,gasolina,4,264,cc,2000.0,
hyundai,NEXO,1.56 kwh,161,180,7.8,38000.0,hidrogeno,5,400,kwh,1.56,
hyundai,Ioniq,"1,600 cc",139,160,8.5,18000.0,hibrido/electrico,5,295,cc,1600.0,
hyundai,Genesis,"3,800 cc",291,240,6.3,52000.0,gasolina,5,400,cc,3800.0,
hyundai,Azera,"3,300 cc",278,240,6.5,55000.0,gasolina,5,250,cc,3300.0,
hyundai,Equus,"3,300 cc",278,240,6.5,55000.0,gasolina,5,400,cc,3300.0,
hyundai,Tiburon,"2,000 cc",160,200,8.2,19000.0,gasolina,4,320,cc,2000.0,
hyundai,Elantra GT,"2,000 cc",160,200,8.3,22000.0,gasolina,5,320,cc,2000.0,
volkswagen,Golf,1498 cc / 40 - 58 kWh,110,210,8.5,23000.0,gasolina,5,250,cc,149840.0,
volkswagen,Passat,1984 cc,150,210,7.8,25000.0,gasolina,5,250,cc,1984.0,
volkswagen,Tiguan,1984 cc,150,209,8.5,28505.0,gasolina/hibrido,7,300,cc,1984.0,
volkswagen,Jetta,1498 cc,150,210,7.7,21995.0,gasolina,5,250,cc,1498.0,
volkswagen,Polo,999 cc / 1598 cc,80,190,9.5,18000.0,gasolina,5,175,cc,9991598.0,
volkswagen,Arteon,1984 cc,150,250,5.6,46000.0,gasolina,5,350,cc,1984.0,
volkswagen,ID.4,77 kWh,201,160,7.8,39735.0,electrico,5,310,kWh,77.0,
volkswagen,Up!,32.3 kWh,82,160,13.0,15000.0,gasolina,4,95,kWh,32.3,
volkswagen,Touareg,2967 cc / 3956 cc,231,235,5.9,55000.0,gasolina/diesel,5,600,cc,29673956.0,
volkswagen,Scirocco,1984 cc,125,233,6.0,35000.0,gasolina,4,350,cc,1984.0,
volkswagen,Beetle,1984 cc,105,205,7.0,20000.0,gasolina,4,240,cc,1984.0,
volkswagen,Amarok,2967 cc,163,180,7.9,40000.0,diesel,5,550,cc,2967.0,
volkswagen,T-Roc,1984 cc,115,205,7.2,30000.0,gasolina,5,320,cc,1984.0,
volkswagen,Sharan,1984 cc,150,200,9.3,33000.0,gasolina/diesel,7,280,cc,1984.0,
volkswagen,Caddy,1498 cc,102,185,10.5,28000.0,gasolina/diesel,7,250,cc,1498.0,
nissan,NV1500,3954 cc,261,160,9.5,33000.0,gasolina,12,385,cc,3954.0,
volkswagen,Taigo,1498 cc,95,183,10.0,24000.0,gasolina,5,200,cc,1498.0,
volkswagen,California,1984 cc,150,180,13.0,70000.0,diesel,7,340,cc,1984.0,
volkswagen,ID.3,58 - 77 kWh,204,160,7.3,35000.0,electrico,5,310,kWh,58.0,
volkswagen,ID. Buzz,77 kWh,204,145,10.2,59995.0,electrico,7,310,kWh,77.0,
volkswagen,Golf GTI,1984 cc,245,250,5.9,31965.0,gasolina,5,350,cc,1984.0,
volkswagen,Golf R,1984 cc,315,250,4.6,44640.0,gasolina,5,420,cc,1984.0,
volkswagen,Passat Alltrack,1968 cc,190,220,7.8,36000.0,diesel,5,400,cc,1968.0,
volkswagen,Polo GTI,1984 cc,204,238,6.7,28000.0,gasolina,5,320,cc,1984.0,
volkswagen,Up! GTI,999 cc,115,196,8.8,20000.0,gasolina,4,200,cc,999.0,
volkswagen,T-Cross,999 cc / 1498 cc,95,200,10.2,25000.0,gasolina,5,250,cc,9991498.0,
volkswagen,ID.5,77 kWh,174,180,8.4,45000.0,electrico,5,310,kWh,77.0,
volkswagen,ID. Buzz Cargo,77 kWh,204,145,10.2,55000.0,electrico,3,310,kWh,77.0,
volkswagen,Touareg R,2995 cc,462,250,5.1,70000.0,hibrido,5,700,cc,2995.0,
volkswagen,Multivan,1395 cc / 1968 cc,150,190,9.4,50000.0,gasolina/hibrido,7,350,cc,13951968.0,
volkswagen,Polo BlueMotion,1199 cc,75,190,10.5,22000.0,diesel,5,250,cc,1199.0,
volkswagen,Golf Sportsvan,1498 cc,130,210,8.9,30000.0,gasolina,5,250,cc,1498.0,
volkswagen,Golf Alltrack,1968 cc,147,210,7.1,35000.0,gasolina,5,350,cc,1968.0,
volkswagen,Scirocco R,1984 cc,280,250,5.5,40000.0,gasolina,4,350,cc,1984.0,
volkswagen,Tiguan Allspace,1984 cc,184,215,7.6,35000.0,gasolina,7,320,cc,1984.0,
volkswagen,Arteon 4MOTION,1984 cc,190,250,5.6,48000.0,gasolina,5,350,cc,1984.0,
volkswagen,ID.4 GTX,77 kWh,299,180,6.2,50000.0,electrico,5,460,kWh,77.0,
volkswagen,ID.3 Pro,58 kWh,204,160,7.3,35000.0,electrico,5,310,kWh,58.0,
volkswagen,Golf Variant,1498 cc / 1968 cc,130,220,7.5,32000.0,gasolina,5,320,cc,14981968.0,
volkswagen,Crafter,1968 cc,102,160,13.0,40000.0,diesel,3,410,cc,1968.0,
volkswagen,Lupo,1390 cc / 1199 cc,60,170,14.3,15000.0,gasolina,4,120,cc,13901199.0,
volkswagen,Corrado,2861 cc,190,235,6.4,25000.0,gasolina,4,245,cc,2861.0,
volkswagen,Phaeton,2967 cc / 5998 cc,240,250,6.1,85000.0,gasolina,5,560,cc,29675998.0,
volkswagen,Golf Cabriolet,1197 cc / 1984 cc,105,217,8.4,30000.0,gasolina,4,200,cc,11971984.0,
volkswagen,Santana,1498 cc,110,190,12.9,15000.0,gasolina,5,145,cc,1498.0,
volkswagen,Polo Vivo,1390 cc / 1598 cc,85,170,10.8,14000.0,gasolina,5,132,cc,13901598.0,
volkswagen,Karmann Ghia,1192 cc,34,138,23.0,25000.0,gasolina,2,106,cc,1192.0,
volkswagen,Fox,1198 cc / 1390 cc,55,148,17.5,12000.0,gasolina,5,93,cc,11981390.0,
volkswagen,Vento,1598 cc,105,186,11.7,18000.0,gasolina,5,153,cc,1598.0,
volkswagen,Golf Electric,35.8 kWh,136,140,10.4,33000.0,electrico,5,290,kWh,35.8,
volkswagen,Bora,1598 cc / 1896 cc,100,200,9.4,20000.0,gasolina,5,220,cc,15981896.0,
volkswagen,Teramont,1984 cc / 3597 cc,235,190,8.6,32000.0,gasolina,7,350,cc,19843597.0,
volkswagen,Taos,1498 cc,158,193,8.4,24000.0,gasolina,5,250,cc,1498.0,
volkswagen,Up! Cabriolet,999 cc,82,160,12.4,18000.0,gasolina,4,95,cc,999.0,
volkswagen,T-Roc Cabriolet,999 cc / 1498 cc,115,205,9.6,35000.0,gasolina,4,250,cc,9991498.0,
volkswagen,Passat CC,1984 cc,200,240,7.3,40000.0,gasolina,5,280,cc,1984.0,
volkswagen,Transporter,1968 cc,102,180,12.2,35000.0,diesel,9,340,cc,1968.0,
volkswagen,Amarok V6,2967 cc,204,191,7.9,45000.0,diesel,5,580,cc,2967.0,
volkswagen,ID.2,~50 kWh (Estimate),170,160,8.0,25000.0,electrico,5,220,kWh,50.0,
volkswagen,Polo TDI,1390 cc / 1598 cc,75,190,9.9,20000.0,diesel,5,250,cc,13901598.0,
volkswagen,Golf GTE,1395 cc + Electric Motor,204,222,7.6,40000.0,hibrido,5,350,cc,1395.0,
volkswagen,Touareg V8,3956 cc,421,250,4.9,70000.0,gasolina,5,770,cc,3956.0,
volkswagen,Beetle Dune,1395 cc,150,200,7.5,30000.0,gasolina,4,250,cc,1395.0,
volkswagen,Passat B8,1498 cc / 1968 cc,150,210,8.7,28000.0,gasolina,5,250,cc,14981968.0,
volkswagen,ID.4 Pro S,77 kWh,201,180,7.8,45000.0,electrico,5,310,kWh,77.0,
volkswagen,Golf Country,1781 cc,98,165,12.0,25000.0,gasolina,5,170,cc,1781.0,
volkswagen,Jetta GLI,1984 cc,228,250,6.5,31000.0,gasolina,5,350,cc,1984.0,
volkswagen,Arteon Shooting Brake,1984 cc,150,250,5.6,50000.0,gasolina,5,420,cc,1984.0,
volkswagen,T-Cross R-Line,999 cc / 1498 cc,115,200,8.5,27000.0,gasolina,5,250,cc,9991498.0,
volkswagen,Golf R32,3189 cc,240,250,6.2,40000.0,gasolina,5,320,cc,3189.0,
volkswagen,Passat B7,1598 cc / 1984 cc,120,220,8.5,26000.0,gasolina,5,280,cc,15981984.0,
volkswagen,Scirocco 16V,1781 cc,137,220,7.1,35000.0,gasolina,4,230,cc,1781.0,
volkswagen,Polo BlueMotion,1199 cc,75,190,10.5,20000.0,diesel,5,210,cc,1199.0,
volkswagen,Golf Variant GTD,1968 cc,184,230,7.5,38000.0,diesel,5,380,cc,1968.0,
volkswagen,Polo GTI R5,1598 cc,272,200,4.1,45000.0,gasolina,5,400,cc,1598.0,
volkswagen,ID. Buzz Pro,77 kWh,204,145,10.2,60000.0,electrico,7,310,kWh,77.0,
volkswagen,Jetta Hybrid,1395 cc,170,210,8.6,28000.0,hibrido,5,250,cc,1395.0,
volkswagen,Golf Variant Alltrack,1968 cc,150,220,7.8,35000.0,gasolina,5,320,cc,1968.0,
volkswagen,Volkswagen XL1,800 cc + Electric Motor,68,160,11.9,150000.0,hibrido,2,140,cc,800.0,
volkswagen,Golf TDI,1968 cc,150,220,8.0,28000.0,diesel,5,350,cc,1968.0,
volkswagen,Passat Variant,1498 cc / 1968 cc,150,220,8.5,30000.0,gasolina,5,280,cc,14981968.0,
volkswagen,Polo GTI Clubsport,1984 cc,300,240,6.7,30000.0,gasolina,5,320,cc,1984.0,
volkswagen,ID.3 GTX,77 kWh,299,180,6.2,45000.0,electrico,5,310,kWh,77.0,
volkswagen,Arteon R-Line,1984 cc,190,250,5.6,50000.0,gasolina,5,420,cc,1984.0,
volkswagen,Golf TGI,1498 cc,130,220,8.8,30000.0,gasolina,5,200,cc,1498.0,
volkswagen,Scirocco GTS,1984 cc,220,246,6.5,35000.0,gasolina,4,350,cc,1984.0,
volkswagen,Caddy Maxi,1968 cc,122,180,12.0,25000.0,diesel,7,250,cc,1968.0,
volkswagen,Volkswagen Lupo 3L,1199 cc,61,165,14.5,20000.0,diesel,4,140,cc,1199.0,
volkswagen,Polo Beats,999 cc,95,187,9.5,22000.0,gasolina,5,175,cc,999.0,
volkswagen,Passat Hybrid,1395 cc,215,210,7.4,32000.0,hibrido,5,330,cc,1395.0,
volkswagen,Golf TCR,1984 cc,290,250,5.6,40000.0,gasolina,5,370,cc,1984.0,
volkswagen,Tiguan R-Line,1984 cc,190,250,4.9,45000.0,gasolina,5,420,cc,1984.0,
volkswagen,Sharan Business,1968 cc,150,200,8.3,35000.0,diesel,7,350,cc,1968.0,
volkswagen,ID. Buzz Cargo Pro,77 kWh,204,145,10.2,55000.0,electrico,2,310,kWh,77.0,
volkswagen,Arteon 280 TSI,1984 cc,280,250,5.6,50000.0,gasolina,5,350,cc,1984.0,
volkswagen,Jetta GLI 35th,1984 cc,228,250,6.5,31000.0,gasolina,5,350,cc,1984.0,
volkswagen,Beetle Final Edition,1984 cc,174,205,7.0,25000.0,gasolina,4,250,cc,1984.0,
volkswagen,Golf Variant TDI,1968 cc,150,220,7.8,30000.0,diesel,5,350,cc,1968.0,
volkswagen,Golf 4MOTION,1968 cc,150,250,4.9,40000.0,gasolina,5,400,cc,1968.0,
volkswagen,Jetta SportWagen,1395 cc / 1968 cc,147,200,8.5,27000.0,gasolina,5,250,cc,13951968.0,
volkswagen,Polo GTI Plus,1984 cc,207,237,6.7,30000.0,gasolina,5,320,cc,1984.0,
volkswagen,Touareg V6,2967 cc,231,235,7.5,60000.0,gasolina,5,450,cc,2967.0,
volkswagen,Tiguan eHybrid,1395 cc + Battery,245,200,7.5,42000.0,hibrido,5,400,cc,1395.0,
volkswagen,Up! e-up!,32.3 kWh,83,130,11.9,23000.0,electrico,4,210,kWh,32.3,
volkswagen,Amarok V8,3996 cc,310,210,7.4,70000.0,diesel,5,580,cc,3996.0,
volkswagen,Golf R Cabriolet,1984 cc,265,250,5.9,45000.0,gasolina,4,380,cc,1984.0,
volkswagen,Passat Alltrack TDI,1968 cc,190,220,8.0,40000.0,diesel,5,400,cc,1968.0,
volkswagen,ID. Buzz Cargo EV,77 kWh,204,145,10.2,55000.0,electrico,2,310,kWh,77.0,
nissan,Versa,1598 cc,122,180,10.4,16700.0,gasolina,5,154,cc,1598.0,
nissan,Micra,999 cc,100,175,10.8,15500.0,gasolina,5,160,cc,999.0,
nissan,Patrol Platinum,5552 cc,400,210,7.3,77000.0,gasolina,7,560,cc,5552.0,
nissan,Qashqai,1332 cc,156,195,8.9,26000.0,gasolina,5,260,cc,1332.0,
nissan,Murano,3498 cc,260,210,7.5,39000.0,gasolina,5,325,cc,3498.0,
nissan,Maxima Platinum,3498 cc,300,220,6.2,45000.0,gasolina,5,353,cc,3498.0,
nissan,Armada,5552 cc,400,210,6.5,51000.0,gasolina,8,560,cc,5552.0,
nissan,Kicks,1598 cc,122,180,10.7,20000.0,gasolina,5,154,cc,1598.0,
nissan,X-Trail,1498 cc,201,200,8.0,29000.0,hibrido,5,305,cc,1498.0,
nissan,Z (Fairlady Z),2997 cc,400,250,4.5,40000.0,gasolina,2,475,cc,2997.0,
nissan,Almera,999 cc,100,185,10.7,14500.0,gasolina,5,160,cc,999.0,
nissan,Sylphy,1798 cc,137,190,9.6,18000.0,gasolina,5,174,cc,1798.0,
nissan,Note,1198 cc,109,170,11.5,16000.0,hibrido,5,150,cc,1198.0,
nissan,Sunny,1598 cc,118,180,11.0,15000.0,gasolina,5,156,cc,1598.0,
nissan,Cube,1798 cc,122,175,10.6,14500.0,gasolina,5,171,cc,1798.0,
nissan,Juke,999 cc,117,180,10.4,25000.0,gasolina,5,180,cc,999.0,
nissan,Terrano,1461 cc,110,168,13.5,15500.0,diesel,5,248,cc,1461.0,
nissan,Magnite,999 cc,100,160,13.0,12000.0,gasolina,5,160,cc,999.0,
nissan,Xterra,3954 cc,261,200,7.8,35000.0,gasolina,7,381,cc,3954.0,
nissan,Patrol,5552 cc,400,210,7.3,77000.0,gasolina,7,560,cc,5552.0,
nissan,GT-R NISMO,3799 cc,600,330,2.9,220000.0,gasolina,2,652,cc,3799.0,
nissan,370Z Roadster,3696 cc,332,250,5.5,41820.0,gasolina,2,366,cc,3696.0,
nissan,Ariya,87 kWh,389,200,5.1,58950.0,electrico,5,600,kWh,87.0,
nissan,Patrol Royale,5552 cc,400,210,6.6,85000.0,gasolina,7,560,cc,5552.0,
nissan,Infiniti QX80*,5552 cc,400,210,6.5,70600.0,gasolina,7,560,cc,5552.0,
nissan,Tiida,1598 cc,126,190,10.1,14500.0,gasolina,5,154,cc,1598.0,
nissan,Pulsar,1197 cc,115,190,10.7,19000.0,gasolina,5,190,cc,1197.0,
nissan,Latio,1498 cc,102,175,11.5,13000.0,gasolina,5,139,cc,1498.0,
nissan,Bluebird Sylphy,1997 cc,133,185,10.5,18500.0,gasolina,5,191,cc,1997.0,
nissan,March,1198 cc,79,170,13.7,12000.0,gasolina,5,106,cc,1198.0,
nissan,Rogue Sport,1997 cc,141,190,9.8,24960.0,gasolina,5,199,cc,1997.0,
nissan,X-Trail Hybrid,1997 cc,179,180,9.4,28500.0,hibrido,5,207,cc,1997.0,
nissan,Pathfinder Rock Creek,3498 cc,284,190,7.4,42820.0,gasolina,7,351,cc,3498.0,
nissan,Armada Platinum,5552 cc,400,210,6.5,65300.0,gasolina,8,560,cc,5552.0,
nissan,Terrano XL,1598 cc,104,165,12.5,14000.0,gasolina,5,145,cc,1598.0,
nissan,GT-R50 by Italdesign,3799 cc,720,315,2.5,1100000.0,gasolina,2,780,cc,3799.0,
nissan,370Z NISMO,3696 cc,350,250,5.2,45790.0,gasolina,2,374,cc,3696.0,
nissan,Ariya E-4ORCE,87 kWh,389,200,5.1,60000.0,electrico,5,600,kWh,87.0,
nissan,Patrol NISMO,5552 cc,428,210,6.5,105000.0,gasolina,7,560,cc,5552.0,
nissan,Infiniti Q60*,2997 cc,300,250,5.0,41750.0,gasolina,4,400,cc,2997.0,
nissan,Primera,1998 cc,140,200,9.6,20000.0,gasolina,5,190,cc,1998.0,
nissan,Skyline,2997 cc,400,250,5.0,50000.0,gasolina,5,475,cc,2997.0,
nissan,Cedric,1998 cc,150,190,10.5,22000.0,gasolina,5,190,cc,1998.0,
nissan,Gloria,2498 cc,210,210,8.6,30000.0,gasolina,5,250,cc,2498.0,
nissan,Stanza,1796 cc,120,175,11.0,18500.0,gasolina,5,170,cc,1796.0,
nissan,Patrol Super Safari,4750 cc,280,190,8.2,55000.0,gasolina,7,451,cc,4750.0,
nissan,Pathfinder Hybrid,2488 cc,250,190,7.7,42500.0,hibrido,7,329,cc,2488.0,
nissan,X-Terra Pro-4X,2498 cc,190,175,10.8,40000.0,gasolina,7,240,cc,2498.0,
nissan,Rogue Platinum,1497 cc,201,180,8.2,38000.0,gasolina,5,300,cc,1497.0,
nissan,Qashqai Tekna,1332 cc,158,190,9.2,36000.0,hibrido,5,270,cc,1332.0,
nissan,GT-R V-Spec,3799 cc,600,330,2.8,175000.0,gasolina,2,652,cc,3799.0,
nissan,Skyline NISMO,2997 cc,420,270,4.7,55000.0,gasolina,5,475,cc,2997.0,
nissan,Ariya Lounge Edition,87 kWh,389,200,5.1,63000.0,electrico,5,600,kWh,87.0,
nissan,Patrol Titanium,5552 cc,428,210,6.5,98000.0,gasolina,7,560,cc,5552.0,
nissan,Infiniti FX50*,5026 cc,390,250,5.6,61750.0,gasolina,5,500,cc,5026.0,
nissan,Avenir,1998 cc,140,180,9.8,20000.0,gasolina,5,186,cc,1998.0,
nissan,Wingroad,1798 cc,125,175,10.8,18000.0,gasolina,5,168,cc,1798.0,
nissan,Presea,1838 cc,115,170,11.5,17500.0,gasolina,5,161,cc,1838.0,
nissan,Leopard,2960 cc,210,200,8.4,32000.0,gasolina,5,265,cc,2960.0,
nissan,Sunny NISMO Edition,1598 cc,190,200,7.5,24000.0,gasolina,5,240,cc,1598.0,
nissan,Paladin,2438 cc,150,180,10.6,20000.0,gasolina,5,217,cc,2438.0,
nissan,Hardbody SUV,2498 cc,158,175,11.0,18500.0,gasolina,5,225,cc,2498.0,
nissan,Patrol Desert Edition,5552 cc,428,210,6.5,95000.0,gasolina,7,560,cc,5552.0,
nissan,Pathfinder Armada,5552 cc,400,200,6.5,60000.0,gasolina,7,560,cc,5552.0,
nissan,Rogue Midnight Edition,1497 cc,201,180,8.2,39000.0,gasolina,5,300,cc,1497.0,
nissan,GT-R Black Edition,3799 cc,600,330,2.8,185000.0,gasolina,2,652,cc,3799.0,
nissan,Fairlady Z Heritage,2997 cc,400,250,4.2,48000.0,gasolina,2,475,cc,2997.0,
nissan,Skyline GT-R R34,2568 cc,276,250,5.6,70000.0,gasolina,4,392,cc,2568.0,
nissan,Ariya Premiere,87 kWh,389,200,5.1,67000.0,electrico,5,600,kWh,87.0,
nissan,Infiniti QX55*,1997 cc,268,230,6.5,50000.0,gasolina,5,380,cc,1997.0,
nissan,NV350 Caravan,2488 cc,129,155,12.5,28000.0,diesel,8,356,cc,2488.0,
nissan,Navara,2298 cc,190,180,10.2,32000.0,diesel,5,450,cc,2298.0,
nissan,Titan XD,5552 cc,400,195,6.9,55000.0,gasolina,6,560,cc,5552.0,
nissan,Evalia,1461 cc,85,140,15.0,25000.0,diesel,7,200,cc,1461.0,
nissan,Cabstar,2488 cc,130,145,14.8,27000.0,diesel,3,350,cc,2488.0,
nissan,Cherry,1397 cc,67,145,14.0,14000.0,gasolina,5,110,cc,1397.0,
nissan,Laurel,2825 cc,94,160,12.5,22000.0,diesel,5,184,cc,2825.0,
nissan,Silvia,1998 cc,247,235,5.9,45000.0,gasolina,4,275,cc,1998.0,
nissan,NX Coupe,1998 cc,140,200,9.0,22000.0,gasolina,4,180,cc,1998.0,
nissan,AD Wagon,1498 cc,105,165,12.3,16000.0,gasolina,5,150,cc,1498.0,
nissan,Patrol Super Safari Y61,4750 cc,280,190,8.2,58000.0,gasolina,7,451,cc,4750.0,
nissan,Pathfinder Rock Creek Edition,3498 cc,284,195,7.2,44000.0,gasolina,7,351,cc,3498.0,
nissan,Terrano II,2664 cc,125,160,12.9,28000.0,diesel,5,278,cc,2664.0,
nissan,Murano CrossCabriolet,3498 cc,260,195,7.6,47000.0,gasolina,4,325,cc,3498.0,
nissan,X-Trail Tekna,1497 cc,204,190,8.0,43000.0,hibrido,5,305,cc,1497.0,
nissan,GT-R LM NISMO,3000 cc,500,320,3.0,600000.0,hibrido,2,650,cc,3000.0,
nissan,Skyline 400R,2997 cc,400,250,4.5,70000.0,gasolina,5,475,cc,2997.0,
nissan,Infiniti G37*,3696 cc,328,250,5.5,42000.0,gasolina,5,365,cc,3696.0,
nissan,Patrol Black Edition,5552 cc,400,200,6.5,85000.0,gasolina,7,560,cc,5552.0,
nissan,Ariya Empower+,87 kWh,389,200,5.1,68000.0,electrico,5,600,kWh,87.0,
nissan,Datsun 510 (Classic),1595 cc,96,175,10.2,25000.0,gasolina,4,135,cc,1595.0,
nissan,200SX,1998 cc,200,240,7.2,30000.0,gasolina,4,265,cc,1998.0,
nissan,300ZX,2960 cc,300,250,5.9,50000.0,gasolina,4,384,cc,2960.0,
nissan,R390 GT1 Road Car,3495 cc,550,354,3.3,1000000.0,gasolina,2,637,cc,3495.0,
nissan,Figaro,987 cc,76,170,12.8,20000.0,gasolina,4,103,cc,987.0,
nissan,Hardbody Truck,2389 cc,134,160,10.6,25000.0,gasolina,5,206,cc,2389.0,
nissan,Atlas,2999 cc,130,130,18.0,35000.0,diesel,3,300,cc,2999.0,
nissan,Clipper,659 cc,48,110,18.5,10000.0,gasolina,4,62,cc,659.0,
nissan,NV200,1998 cc,131,140,14.0,28000.0,gasolina,7,188,cc,1998.0,
nissan,Violet,1770 cc,85,155,13.8,18000.0,gasolina,5,130,cc,1770.0,
nissan,Bluebird Z,1998 cc,140,190,11.0,23000.0,gasolina,5,180,cc,1998.0,
nissan,Stanza Wagon,2389 cc,138,160,12.0,22000.0,gasolina,7,205,cc,2389.0,
nissan,180SX,1998 cc,205,240,6.8,35000.0,gasolina,4,275,cc,1998.0,
nissan,Sunny California,1597 cc,110,170,11.0,18000.0,gasolina,5,140,cc,1597.0,
nissan,Patrol Warrior,5552 cc,428,205,6.3,95000.0,gasolina,7,580,cc,5552.0,
nissan,Pathfinder Armada Platinum,5552 cc,400,190,6.8,70000.0,gasolina,7,560,cc,5552.0,
nissan,Rogue Sport SL,1998 cc,141,190,9.0,32000.0,gasolina,5,195,cc,1998.0,
nissan,X-Trail Platinum Edition,1497 cc,204,190,8.0,46000.0,hibrido,5,305,cc,1497.0,
nissan,Qashqai e-Power,1497 cc,187,200,7.5,40000.0,hibrido,5,330,cc,1497.0,
nissan,GT-R Egoist,3799 cc,565,315,2.8,220000.0,gasolina,2,637,cc,3799.0,
nissan,Infiniti M45*,4494 cc,325,250,5.8,50000.0,gasolina,5,451,cc,4494.0,
nissan,Skyline 50th Anniversary,2997 cc,400,250,4.5,75000.0,gasolina,5,475,cc,2997.0,
nissan,Ariya Dual Motor AWD,87 kWh,389,200,5.1,70000.0,electrico,5,600,kWh,87.0,
nissan,Patrol Legend Edition,5552 cc,428,205,6.3,95000.0,gasolina,7,580,cc,5552.0,
nissan,Datsun 240Z (Classic),2393 cc,151,210,8.0,45000.0,gasolina,2,198,cc,2393.0,
nissan,100NX,1597 cc,110,185,9.6,18000.0,gasolina,4,135,cc,1597.0,
nissan,Cedric Special Edition,2960 cc,250,225,8.5,60000.0,gasolina,5,330,cc,2960.0,
nissan,300ZX Turbo,2960 cc,300,250,5.9,55000.0,gasolina,4,384,cc,2960.0,
nissan,Silvia S15 Spec-R,1998 cc,250,240,5.6,35000.0,gasolina,4,300,cc,1998.0,
nissan,NV400,2298 cc,135,150,15.0,40000.0,diesel,3,360,cc,2298.0,
nissan,Titan Warrior,5552 cc,400,180,7.0,55000.0,gasolina,5,560,cc,5552.0,
nissan,Caravan Coach,2498 cc,127,140,14.0,30000.0,diesel,7,260,cc,2498.0,
nissan,Serena e-Power,1198 cc,134,160,12.0,35000.0,hibrido,7,320,cc,1198.0,
nissan,Elgrand,3498 cc,280,200,8.5,50000.0,gasolina,7,344,cc,3498.0,
nissan,Datsun 510,1595 cc,96,175,10.2,25000.0,gasolina,4,135,cc,1595.0,
nissan,Prairie,1998 cc,120,175,11.0,18000.0,gasolina,5,170,cc,1998.0,
nissan,Pulsar GTI-R,1998 cc,230,225,6.0,30000.0,gasolina,5,280,cc,1998.0,
nissan,Almera Tino,1769 cc,114,180,12.5,15000.0,gasolina,5,160,cc,1769.0,
nissan,Lucino,1597 cc,115,185,10.5,12000.0,gasolina,5,150,cc,1597.0,
nissan,Rasheen,1497 cc,105,165,13.0,10000.0,gasolina,5,135,cc,1497.0,
nissan,Mistral,2663 cc,125,160,12.5,25000.0,diesel,7,260,cc,2663.0,
nissan,Patrol Y60,4169 cc,155,160,12.0,45000.0,diesel,7,330,cc,4169.0,
nissan,X-Trail GT,1998 cc,280,215,6.4,38000.0,gasolina,5,310,cc,1998.0,
nissan,Terrano Regulus,3275 cc,170,175,10.0,28000.0,gasolina,5,290,cc,3275.0,
nissan,President,4494 cc,280,210,7.5,70000.0,gasolina,5,400,cc,4494.0,
nissan,Cima,4130 cc,270,210,8.0,60000.0,gasolina,5,390,cc,4130.0,
nissan,Leopard J. Ferie,2960 cc,255,215,6.5,45000.0,gasolina,5,340,cc,2960.0,
nissan,Gloria Gran Turismo,2960 cc,255,220,6.5,50000.0,gasolina,5,340,cc,2960.0,
nissan,Infiniti Q45*,4494 cc,340,240,6.2,50000.0,gasolina,5,450,cc,4494.0,
nissan,Datsun 240Z,2393 cc,151,210,8.0,45000.0,gasolina,2,198,cc,2393.0,
nissan,280ZX,2753 cc,145,205,9.5,35000.0,gasolina,2,210,cc,2753.0,
nissan,Silvia S13,1809 cc,175,215,6.8,20000.0,gasolina,4,230,cc,1809.0,
nissan,200SX,1998 cc,200,225,7.0,25000.0,gasolina,4,260,cc,1998.0,
nissan,NX Coupe,1839 cc,140,200,9.0,18000.0,gasolina,4,180,cc,1839.0,
nissan,NV2500,3954 cc,261,160,10.0,36000.0,gasolina,2,385,cc,3954.0,
nissan,NV3500,5552 cc,375,170,9.0,42000.0,gasolina,2,525,cc,5552.0,
nissan,NT400 Cabstar,2953 cc,150,140,15.0,35000.0,diesel,3,350,cc,2953.0,
porsche,Panamera,2894 cc,330,270,5.6,88000.0,gasolina,4,450,cc,2894.0,
porsche,Panamera 4,2894 cc,330,270,5.4,92000.0,gasolina,4,450,cc,2894.0,
porsche,Panamera 4S,2894 cc,440,289,4.4,105000.0,gasolina,4,550,cc,2894.0,
porsche,Panamera Turbo S,3996 cc,620,315,3.1,180000.0,gasolina,4,820,cc,3996.0,
porsche,Panamera GTS,3996 cc,473,300,3.9,130000.0,gasolina,4,620,cc,3996.0,
porsche,Panamera Platinum Edition,2894 cc,330,270,5.4,102000.0,gasolina,4,450,cc,2894.0,
porsche,Panamera E-Hybrid,17.9 kWh Battery,455,280,4.4,115000.0,hibrido (gasolina),4,700,kWh,17.9,
porsche,Panamera 4 E-Hybrid Sport Turismo,17.9 kWh Battery,455,280,4.4,120000.0,hibrido (gasolina),4,700,kWh,17.9,
porsche,Panamera Turbo S E-Hybrid,17.9 kWh Battery,690,315,3.2,190000.0,hibrido (gasolina),4,870,kWh,17.9,
porsche,Panamera 4 Executive,2894 cc,330,270,5.6,95000.0,gasolina,4,450,cc,2894.0,
porsche,Cayenne,2995 cc,335,245,5.9,80000.0,gasolina,5,450,cc,2995.0,
porsche,Cayenne Coupe,2995 cc,335,245,6.0,85000.0,gasolina,5,450,cc,2995.0,
porsche,Cayenne S,2894 cc,434,265,5.0,95000.0,gasolina,5,550,cc,2894.0,
porsche,Cayenne Turbo,3996 cc,541,286,4.0,130000.0,gasolina,5,770,cc,3996.0,
porsche,Cayenne GTS,3996 cc,453,270,4.5,110000.0,gasolina,5,620,cc,3996.0,
porsche,Cayenne Turbo S E-Hybrid,17.9 kWh Battery,670,295,3.6,170000.0,hibrido (gasolina),5,900,kWh,17.9,
porsche,Macan,1984 cc,261,232,6.2,60000.0,gasolina,5,400,cc,1984.0,
porsche,Macan S,2894 cc,375,259,4.8,75000.0,gasolina,5,520,cc,2894.0,
porsche,Macan GTS,2894 cc,434,272,4.5,85000.0,gasolina,5,550,cc,2894.0,
porsche,Macan T,1984 cc,261,232,6.2,65000.0,gasolina,5,400,cc,1984.0,
porsche,911 Carrera,2981 cc,379,293,4.2,110000.0,gasolina,4,450,cc,2981.0,
porsche,911 Carrera S,2981 cc,443,308,3.5,131300.0,gasolina,4,528,cc,2981.0,
porsche,911 Carrera 4,2981 cc,379,293,4.2,106500.0,gasolina,4,450,cc,2981.0,
porsche,911 Carrera 4S,2981 cc,443,306,3.4,113300.0,gasolina,4,528,cc,2981.0,
porsche,911 Targa 4,2981 cc,379,289,4.4,121300.0,gasolina,4,450,cc,2981.0,
porsche,911 Turbo,3745 cc,572,320,2.7,197200.0,gasolina,4,750,cc,3745.0,
porsche,911 Turbo S,3745 cc,640,330,2.6,230400.0,gasolina,4,800,cc,3745.0,
porsche,911 GT3,3996 cc,502,318,3.4,161100.0,gasolina,2,469,cc,3996.0,
porsche,911 GT3 RS,3996 cc,518,296,3.2,241300.0,gasolina,2,465,cc,3996.0,
porsche,911 Dakar,2981 cc,473,240,3.4,222000.0,gasolina,2,570,cc,2981.0,
porsche,Taycan,79.2 kWh,402,230,5.4,86700.0,electrico,4,344,kWh,79.2,
porsche,Taycan 4S,79.2 kWh,522,250,4.0,103800.0,electrico,4,640,kWh,79.2,
porsche,Taycan Turbo,93.4 kWh,670,260,3.2,150900.0,electrico,4,850,kWh,93.4,
porsche,Taycan Turbo S,93.4 kWh,750,260,2.8,185000.0,electrico,4,1050,kWh,93.4,
porsche,Taycan GTS,93.4 kWh,590,250,3.5,132750.0,electrico,4,850,kWh,93.4,
porsche,Taycan Cross Turismo,93.4 kWh,469,220,4.8,97700.0,electrico,5,500,kWh,93.4,
porsche,Taycan Sport Turismo,79.2 kWh,509,240,4.1,104000.0,electrico,5,650,kWh,79.2,
porsche,718 Cayman,1988 cc,300,275,4.9,63400.0,gasolina,2,380,cc,1988.0,
porsche,718 Cayman S,2497 cc,350,285,4.4,75400.0,gasolina,2,420,cc,2497.0,
porsche,718 Cayman GT4,3995 cc,414,302,4.2,100200.0,gasolina,2,420,cc,3995.0,
porsche,718 Cayman GT4 RS,3996 cc,493,315,3.2,141700.0,gasolina,2,450,cc,3996.0,
porsche,718 Boxster,1988 cc,300,275,4.9,65500.0,gasolina,2,380,cc,1988.0,
porsche,718 Boxster T,1988 cc,300,275,4.7,69600.0,gasolina,2,380,cc,1988.0,
porsche,718 Boxster GTS,3995 cc,394,293,4.3,90300.0,gasolina,2,430,cc,3995.0,
porsche,718 Spyder,3995 cc,414,301,4.1,98300.0,gasolina,2,420,cc,3995.0,
porsche,Panamera Base,2894 cc,325,265,5.6,92300.0,gasolina,4,450,cc,2894.0,
porsche,Panamera 4 E-Hybrid,2894 cc,462,280,4.4,113300.0,hibrido,4,700,cc,2894.0,
porsche,Panamera 4 Sport Turismo,2894 cc,325,265,5.5,101400.0,gasolina,4,450,cc,2894.0,
porsche,Panamera Turbo S E-Hybrid Sport Turismo,3996 cc,690,315,3.2,200200.0,hibrido,4,870,cc,3996.0,
porsche,Panamera 4S E-Hybrid Executive,2894 cc,560,295,3.7,128900.0,hibrido,4,750,cc,2894.0,
porsche,Panamera Platinum Edition,2894 cc,325,265,5.6,98300.0,gasolina,4,450,cc,2894.0,
porsche,Panamera GTS Sport Turismo,3996 cc,473,300,3.9,136900.0,gasolina,4,620,cc,3996.0,
porsche,Panamera Turbo Executive,3996 cc,550,306,3.8,175200.0,gasolina,4,770,cc,3996.0,
porsche,Panamera Turbo S Exclusive Series,3996 cc,570,310,3.8,290000.0,gasolina,4,800,cc,3996.0,
porsche,Panamera 4S,2894 cc,443,289,4.1,105000.0,gasolina,4,550,cc,2894.0,
porsche,Macan Base,1984 cc,265,232,6.4,58000.0,gasolina,5,400,cc,1984.0,
porsche,Macan T,1984 cc,265,233,6.2,63000.0,gasolina,5,400,cc,1984.0,
porsche,Macan S,2894 cc,375,259,4.6,70400.0,gasolina,5,520,cc,2894.0,
porsche,Macan GTS,2894 cc,434,272,4.3,82900.0,gasolina,5,550,cc,2894.0,
porsche,Macan EV,95 kWh,603,240,4.0,85000.0,electrico,5,750,kWh,95.0,
porsche,Cayenne Base,2995 cc,335,245,5.9,72200.0,gasolina,5,450,cc,2995.0,
porsche,Cayenne E-Hybrid,2995 cc,455,253,4.8,91000.0,hibrido,5,700,cc,2995.0,
porsche,Cayenne S Coupe,2894 cc,434,263,4.7,94300.0,gasolina,4,550,cc,2894.0,
porsche,Cayenne Turbo GT,3996 cc,631,300,3.3,182150.0,gasolina,4,850,cc,3996.0,
porsche,Cayenne Platinum Edition,2995 cc,335,245,5.8,79000.0,gasolina,5,450,cc,2995.0,
porsche,Cayenne Turbo S E-Hybrid Coupe,3996 cc,670,295,3.6,167800.0,hibrido,4,900,cc,3996.0,
porsche,Cayenne GTS Coupe,3996 cc,453,270,4.5,111200.0,gasolina,4,620,cc,3996.0,
porsche,Cayenne Diesel (Regional Markets),2967 cc,262,221,7.3,69000.0,diesel,5,580,cc,2967.0,
porsche,Cayenne S Hybrid,2995 cc,380,242,6.5,85500.0,hibrido,5,580,cc,2995.0,
porsche,Cayenne Coupe Turbo E-Hybrid,3996 cc,728,295,3.6,182900.0,hibrido,4,950,cc,3996.0,
porsche,Taycan Base,79.2 kWh,321,230,5.4,86700.0,electrico,4,345,kWh,79.2,
cadillac,CT4,2000 cc,237,250,6.0,34395.0,gasolina,5,350,cc,2000.0,
cadillac,CT4-V,2700 cc,325,260,4.9,46595.0,gasolina,5,500,cc,2700.0,
cadillac,CT5,2000 cc,237,240,6.6,38195.0,gasolina,5,350,cc,2000.0,
cadillac,CT5-V,3000 cc,360,250,4.6,50995.0,gasolina,5,550,cc,3000.0,
porsche,Taycan Cross Turismo 4,93.4 kWh,375,240,5.1,94800.0,electrico,4,500,kWh,93.4,
porsche,Taycan Cross Turismo GTS,93.4 kWh,590,250,3.8,139400.0,electrico,4,620,kWh,93.4,
porsche,Taycan Sport Turismo Base,79.2 kWh,375,230,5.4,90500.0,electrico,4,500,kWh,79.2,
porsche,Taycan Sport Turismo GTS,93.4 kWh,590,250,3.7,136700.0,electrico,4,620,kWh,93.4,
porsche,Taycan Turbo S Cross Turismo,93.4 kWh,750,260,2.9,190000.0,electrico,4,1050,kWh,93.4,
porsche,911 Carrera Base,2981 cc,379,293,4.2,106100.0,gasolina,4,450,cc,2981.0,
porsche,911 Carrera S Cabriolet,2981 cc,443,304,3.9,129900.0,gasolina,4,530,cc,2981.0,
porsche,911 Carrera 4,2981 cc,379,293,4.4,113300.0,gasolina,4,450,cc,2981.0,
porsche,911 Carrera 4 GTS,2981 cc,473,311,3.3,137000.0,gasolina,4,570,cc,2981.0,
porsche,911 Targa 4 GTS,2981 cc,473,307,3.5,157300.0,gasolina,4,570,cc,2981.0,
porsche,911 Turbo Cabriolet,3745 cc,572,320,2.9,184100.0,gasolina,4,750,cc,3745.0,
porsche,911 Turbo S Coupe,3745 cc,640,330,2.7,207000.0,gasolina,4,800,cc,3745.0,
porsche,911 GT3 Touring,3996 cc,502,318,3.9,170000.0,gasolina,2,470,cc,3996.0,
porsche,911 GT3 RS Clubsport,3996 cc,525,296,3.2,223800.0,gasolina,2,465,cc,3996.0,
porsche,911 Dakar Limited Edition,2981 cc,473,240,3.4,222000.0,gasolina,4,570,cc,2981.0,
porsche,911 Carrera GTS Lightweight,2981 cc,473,311,3.2,145300.0,gasolina,4,570,cc,2981.0,
porsche,911 Targa 4 Lightweight,2981 cc,379,289,4.3,135500.0,gasolina,4,450,cc,2981.0,
porsche,911 Turbo Exclusive Series,3745 cc,607,330,2.9,258000.0,gasolina,4,750,cc,3745.0,
porsche,911 GT2 RS,3745 cc,700,340,2.8,293200.0,gasolina,2,750,cc,3745.0,
porsche,911 GT3 Cup,3996 cc,510,290,3.4,245000.0,gasolina,1,470,cc,3996.0,
porsche,911 GT4 RS,3996 cc,500,315,3.4,222000.0,gasolina,2,450,cc,3996.0,
porsche,911 RSR (Motorsport Edition),4194 cc,515,296,3.1,750000.0,gasolina,1,480,cc,4194.0,
porsche,911 Sport Turismo,2981 cc,379,293,4.4,116000.0,gasolina,4,450,cc,2981.0,
porsche,911 Turbo Cabriolet Lightweight,3745 cc,572,318,3.0,191300.0,gasolina,4,750,cc,3745.0,
porsche,911 Dakar Sport,2981 cc,473,240,3.5,233000.0,gasolina,4,570,cc,2981.0,
tata motors,Tiago,1199 cc,86,170,13.0,8200.0,gasolina,5,113,cc,1199.0,
tata motors,Tiago EV,24 kWh,74,120,5.7,11000.0,electrico,5,114,kWh,24.0,
tata motors,Altroz,1199 cc / 1497 cc,8689,170,12.0,10400.0,gasolina/diesel,5,113,cc,11991497.0,
tata motors,Altroz DCA,1199 cc,86,170,12.5,11300.0,gasolina,5,113,cc,1199.0,
tata motors,Altroz iTurbo,1199 cc,110,180,10.0,12000.0,gasolina,5,140,cc,1199.0,
tata motors,Altroz CNG,1199 cc,86,165,12.0,11800.0,CNG/gasolina,5,113,cc,1199.0,
tata motors,Tiago NRG,1199 cc,86,170,13.5,9200.0,gasolina,5,113,cc,1199.0,
tata motors,Nano GenX,624 cc,37,105,29.0,4000.0,gasolina,4,51,cc,624.0,
tata motors,Indica eV2,1396 cc,70,155,16.0,6200.0,diesel,5,140,cc,1396.0,
tata motors,Indica V2 Xeta,1193 cc,65,140,16.0,5000.0,gasolina,5,100,cc,1193.0,
tata motors,Tigor,1199 cc,86,170,13.0,9400.0,gasolina,5,113,cc,1199.0,
tata motors,Tigor EV,26 kWh,74,120,5.7,14500.0,electrico,5,114,kWh,26.0,
tata motors,Zest,1248 cc / 1199 cc,7590,165,15.0,8700.0,diesel/gasolina,5,190140,cc,12481199.0,
tata motors,Indigo eCS,1396 cc,70,155,16.5,6500.0,diesel,5,140,cc,1396.0,
cadillac,Escalade,6200 cc,420,210,6.8,79295.0,gasolina,7,624,cc,6200.0,
tata motors,Indigo Marina,1396 cc,7085,150,17.0,8300.0,diesel/gasolina,5,135115,cc,1396.0,
tata motors,Manza,1248 cc / 1368 cc,7590,160,14.0,9000.0,diesel/gasolina,5,200115,cc,12481368.0,
tata motors,Indigo LX,1396 cc,70,150,17.0,7000.0,diesel,5,140,cc,1396.0,
tata motors,Indigo GLX,1396 cc,85,160,15.0,7200.0,gasolina,5,115,cc,1396.0,
cadillac,Escalade ESV,6200 cc,420,205,6.9,82295.0,gasolina,7,624,cc,6200.0,
tata motors,Nexon,1199 cc / 1497 cc,118110,180,10.0,14000.0,gasolina/diesel,5,170,cc,11991497.0,
tata motors,Nexon EV Max,40.5 kWh,143,140,9.0,25000.0,electrico,5,250,kWh,40.5,
tata motors,Harrier,1956 cc,168,180,11.0,23000.0,diesel,5,350,cc,1956.0,
tata motors,Safari,1956 cc,168,180,11.0,25500.0,diesel,7,350,cc,1956.0,
tata motors,Punch,1199 cc,86,160,16.0,10500.0,gasolina,5,113,cc,1199.0,
tata motors,Hexa,2179 cc,154,180,12.0,20000.0,diesel,7,400,cc,2179.0,
tata motors,Aria,2179 cc,138,162,13.0,19000.0,diesel,7,320,cc,2179.0,
tata motors,Sumo Gold,2956 cc,85,125,17.6,15000.0,diesel,7,250,cc,2956.0,
tata motors,Sumo Grande,2179 cc,118,140,15.0,16500.0,diesel,7,250,cc,2179.0,
tata motors,Nexon EV Prime,30.2 kWh,129,120,9.4,22000.0,electrico,5,245,kWh,30.2,
tesla,Model S,100 kWh,670,250,3.1,88490.0,electrico,5,967,kWh,100.0,
tesla,Model S Plaid,100 kWh,1020,322,2.1,108490.0,electrico,5,1400,kWh,100.0,
tesla,Model 3,60 kWh,283,225,5.8,40240.0,electrico,5,420,kWh,60.0,
tesla,Model 3 Performance,82 kWh,450,261,3.1,53240.0,electrico,5,660,kWh,82.0,
tesla,Model X,100 kWh,670,250,3.8,98490.0,electrico,7,967,kWh,100.0,
tesla,Model X Plaid,100 kWh,1020,262,2.6,113490.0,electrico,6,1400,kWh,100.0,
tesla,Model Y,75 kWh,346,217,5.0,47490.0,electrico,5,498,kWh,75.0,
tesla,Model Y Long Range,82 kWh,384,217,4.8,50490.0,electrico,5,559,kWh,82.0,
tesla,Cybertruck,200 kWh,800,209,2.9,69900.0,electrico,6,1355,kWh,200.0,
tesla,Roadster 2,200 kWh,1288,402,1.9,200000.0,electrico,4,10000,kWh,200.0,
jeep,Wrangler,3600 cc,285,180,6.8,35195.0,gasolina,4,353,cc,3600.0,
jeep,Wrangler Rubicon,2000 cc,270,180,7.1,42100.0,gasolina,4,400,cc,2000.0,
jeep,Grand Cherokee,3600 cc,293,209,7.0,41530.0,gasolina,5,352,cc,3600.0,
jeep,Grand Cherokee L,3600 cc,293,209,7.2,43530.0,gasolina,7,352,cc,3600.0,
jeep,Cherokee,2400 cc,180,195,8.5,37695.0,gasolina,5,230,cc,2400.0,
jeep,Compass,2000 cc,200,200,7.8,31590.0,gasolina,5,320,cc,2000.0,
jeep,Renegade,1300 cc,177,200,8.7,28345.0,gasolina,5,285,cc,1300.0,
jeep,Gladiator,3600 cc,285,177,8.1,38775.0,gasolina,5,353,cc,3600.0,
jeep,Wagoneer,5700 cc,392,190,7.4,63595.0,gasolina,8,548,cc,5700.0,
jeep,Grand Wagoneer,6400 cc,471,190,6.0,91495.0,gasolina,8,617,cc,6400.0,
jeep,Grand Cherokee 4xe,17.3 kWh,375,210,6.0,59865.0,hibrido,5,637,kWh,17.3,
jeep,Wrangler 4xe,17.3 kWh,375,180,6.4,50695.0,hibrido,5,637,kWh,17.3,
jeep,Compass 4xe,11.4 kWh,240,200,7.3,46500.0,hibrido,5,270,kWh,11.4,
jeep,Renegade 4xe,11.4 kWh,240,200,7.5,44500.0,hibrido,5,270,kWh,11.4,
mazda,Mazda2,"1,500 cc",108,180,10.2,17000.0,gasolina,5,142,cc,1500.0,
jeep,Wagoneer S (Electric),100 kWh,600,177,4.5,80000.0,electrico,5,850,kWh,100.0,
jeep,Gladiator Mojave Edition,3600 cc,285,177,8.6,51570.0,gasolina,5,353,cc,3600.0,
jeep,Grand Cherokee Summit Reserve,5700 cc,357,190,7.3,66575.0,gasolina,5,529,cc,5700.0,
jeep,Jeep Cherokee X Edition,3200 cc,271,195,7.6,41295.0,gasolina,5,324,cc,3200.0,
jeep,Wrangler 392,6400 cc,470,160,4.5,82495.0,gasolina,4,637,cc,6400.0,
cadillac,XT4,2000 cc,235,220,7.6,37490.0,gasolina,5,350,cc,2000.0,
cadillac,XT5,3600 cc,310,210,6.5,44195.0,gasolina,5,366,cc,3600.0,
cadillac,XT6,3600 cc,310,210,6.9,48595.0,gasolina,7,366,cc,3600.0,
cadillac,Lyriq EV,100 kWh,340,190,5.7,58590.0,electrico,5,440,kWh,100.0,
cadillac,Escalade V,6200 cc,682,200,4.4,149990.0,gasolina,7,885,cc,6200.0,
cadillac,Escalade Platinum,6200 cc,420,210,6.8,104595.0,gasolina,7,624,cc,6200.0,
cadillac,CT5-V Blackwing,6200 cc,668,320,3.4,92000.0,gasolina,5,893,cc,6200.0,
cadillac,CT4-V Blackwing,3600 cc,472,290,3.9,60495.0,gasolina,5,603,cc,3600.0,
cadillac,XT4 Sport,2000 cc,235,220,7.4,41390.0,gasolina,5,350,cc,2000.0,
cadillac,XT5 Sport,3600 cc,310,210,6.5,51095.0,gasolina,5,366,cc,3600.0,
cadillac,XT6 Sport,3600 cc,310,210,6.9,57095.0,gasolina,7,366,cc,3600.0,
cadillac,Lyriq Launch Edition,100 kWh,340,190,5.7,59990.0,electrico,5,440,kWh,100.0,
cadillac,Lyriq EV Premium,100 kWh,500,210,4.5,64990.0,electrico,5,620,kWh,100.0,
cadillac,CT5 Premium Luxury,2000 cc,237,240,6.8,41290.0,gasolina,5,350,cc,2000.0,
chevrolet,Spark,1400 cc,98,180,10.7,14595.0,gasolina,5,127,cc,1400.0,
chevrolet,Sonic,1400 cc,138,190,8.5,16720.0,gasolina,5,200,cc,1400.0,
chevrolet,Malibu,1500 cc,160,210,8.0,25000.0,gasolina,5,250,cc,1500.0,
chevrolet,Camaro,2000 cc,275,240,5.4,26400.0,gasolina,4,400,cc,2000.0,
chevrolet,Corvette,6200 cc,495,312,3.0,65895.0,gasolina,2,637,cc,6200.0,
chevrolet,Traverse,3600 cc,310,210,7.0,35915.0,gasolina,7,360,cc,3600.0,
chevrolet,Equinox,1500 cc,170,200,8.9,26600.0,gasolina,5,275,cc,1500.0,
chevrolet,Blazer,3600 cc,308,220,6.6,44000.0,gasolina,5,366,cc,3600.0,
chevrolet,Tahoe,5300 cc,355,200,7.5,56995.0,gasolina,7,519,cc,5300.0,
chevrolet,Suburban,5300 cc,355,190,7.6,59900.0,gasolina,8,519,cc,5300.0,
chevrolet,Colorado,2700 cc,310,190,6.8,30695.0,gasolina,5,583,cc,2700.0,
chevrolet,Silverado 1500,5300 cc,355,180,7.0,42795.0,gasolina,6,519,cc,5300.0,
chevrolet,Silverado 2500HD,6600 cc,401,170,8.0,41500.0,gasolina,6,629,cc,6600.0,
chevrolet,Silverado 3500HD,6600 cc,445,160,8.5,45500.0,diesel,6,1234,cc,6600.0,
chevrolet,Bolt EV,66 kWh,200,150,6.5,27495.0,electrico,5,360,kWh,66.0,
chevrolet,Bolt EUV,66 kWh,200,150,7.0,28795.0,electrico,5,360,kWh,66.0,
chevrolet,Trailblazer,1300 cc,155,200,9.4,23100.0,gasolina,5,236,cc,1300.0,
chevrolet,Malibu Premier,2000 cc,250,240,5.8,33500.0,gasolina,5,353,cc,2000.0,
chevrolet,Camaro ZL1,6200 cc,650,318,3.5,67300.0,gasolina,4,881,cc,6200.0,
chevrolet,Corvette Stingray,6200 cc,495,312,3.0,65895.0,gasolina,2,637,cc,6200.0,
chevrolet,Silverado 1500 High Country,5300 cc,355,180,7.0,61595.0,gasolina,6,519,cc,5300.0,
chevrolet,Silverado 1500 Trail Boss,5300 cc,355,180,7.0,55895.0,gasolina,6,519,cc,5300.0,
chevrolet,Silverado 1500 RST,5300 cc,355,180,7.1,50895.0,gasolina,6,519,cc,5300.0,
chevrolet,Colorado ZR2,2800 cc,181,160,9.1,48295.0,diesel,5,500,cc,2800.0,
chevrolet,Traverse Premier,3600 cc,310,210,7.0,46600.0,gasolina,7,360,cc,3600.0,
chevrolet,Equinox Premier,1500 cc,170,200,8.8,33400.0,gasolina,5,275,cc,1500.0,
chevrolet,Blazer RS,3600 cc,308,220,6.6,48900.0,gasolina,5,366,cc,3600.0,
chevrolet,Bolt EV 2LT,66 kWh,200,150,6.7,28795.0,electrico,5,360,kWh,66.0,
chevrolet,Camaro SS,6200 cc,455,290,4.3,43500.0,gasolina,4,617,cc,6200.0,
chevrolet,Corvette Grand Sport,6200 cc,460,290,3.9,65900.0,gasolina,2,630,cc,6200.0,
chevrolet,Traverse RS,3600 cc,310,210,7.0,43700.0,gasolina,7,360,cc,3600.0,
chevrolet,Blazer Premier,3600 cc,308,220,6.6,45000.0,gasolina,5,366,cc,3600.0,
chevrolet,Malibu LT,1500 cc,160,210,8.5,25800.0,gasolina,5,250,cc,1500.0,
chevrolet,Spark Activ,1400 cc,98,180,11.0,17595.0,gasolina,5,127,cc,1400.0,
chevrolet,Trax LT,1200 cc,137,200,9.2,24100.0,gasolina,5,220,cc,1200.0,
chevrolet,Equinox LT,1500 cc,170,200,8.9,28400.0,gasolina,5,275,cc,1500.0,
chevrolet,Silverado 3500HD High Country,6600 cc,445,160,8.5,75700.0,diesel,6,1234,cc,6600.0,
chevrolet,Colorado WT,2700 cc,310,190,6.9,29200.0,gasolina,5,583,cc,2700.0,
chevrolet,Suburban High Country,6200 cc,420,200,7.0,82400.0,gasolina,8,624,cc,6200.0,
chevrolet,Silverado Custom,4300 cc,285,180,8.5,33900.0,gasolina,6,413,cc,4300.0,
chevrolet,Spark LS,1400 cc,98,180,10.9,14395.0,gasolina,5,127,cc,1400.0,
chevrolet,Traverse LT,3600 cc,310,210,7.1,37200.0,gasolina,7,360,cc,3600.0,
chevrolet,Blazer LT,2500 cc,193,200,9.0,36100.0,gasolina,5,255,cc,2500.0,
chevrolet,Malibu Premier,2000 cc,250,240,5.8,34500.0,gasolina,5,353,cc,2000.0,
chevrolet,Equinox RS,1500 cc,170,200,8.8,31900.0,gasolina,5,275,cc,1500.0,
chevrolet,Silverado 1500 Custom,4300 cc,285,180,8.6,34900.0,gasolina,6,413,cc,4300.0,
chevrolet,Silverado 2500HD LTZ,6600 cc,445,160,8.4,56400.0,diesel,6,1234,cc,6600.0,
chevrolet,Tahoe RST,5300 cc,355,180,7.4,64100.0,gasolina,7,519,cc,5300.0,
chevrolet,Suburban LT,5300 cc,355,180,5.1,64400.0,gasolina,8,519,cc,5300.0,
chevrolet,Bolt EV Premier,66 kWh,200,150,6.5,31700.0,electrico,5,360,kWh,66.0,
chevrolet,Tahoe LS,5300 cc,355,180,7.5,56995.0,gasolina,8,519,cc,5300.0,
chevrolet,Tahoe LT,5300 cc,355,180,7.4,62495.0,gasolina,8,519,cc,5300.0,
chevrolet,Tahoe Z71,5300 cc,355,180,7.6,66700.0,gasolina,7,519,cc,5300.0,
chevrolet,Tahoe Premier,6200 cc,420,200,6.8,71600.0,gasolina,7,624,cc,6200.0,
chevrolet,Tahoe High Country,6200 cc,420,200,6.7,76700.0,gasolina,7,624,cc,6200.0,
chevrolet,Tahoe Midnight Edition,5300 cc,355,180,7.5,65500.0,gasolina,8,519,cc,5300.0,
chevrolet,Tahoe Sport Edition,6200 cc,420,200,6.8,70000.0,gasolina,7,624,cc,6200.0,
gmc,Terrain,1500 cc,175,190,9.5,29900.0,gasolina,5,275,cc,1500.0,
gmc,Acadia,2000 cc,228,200,7.8,36800.0,gasolina,7,350,cc,2000.0,
gmc,Yukon,5300 cc,355,180,7.4,57400.0,gasolina,8,519,cc,5300.0,
gmc,Yukon XL,6200 cc,420,200,6.9,61100.0,gasolina,8,624,cc,6200.0,
gmc,Canyon,2700 cc,310,190,7.6,36900.0,gasolina,5,583,cc,2700.0,
gmc,Sierra 1500,5300 cc,355,180,7.3,37100.0,gasolina,6,519,cc,5300.0,
gmc,Sierra 2500HD,6600 cc,401,175,7.5,43900.0,diesel,6,629,cc,6600.0,
gmc,Sierra 3500HD,6600 cc,445,175,7.4,49000.0,diesel,6,1234,cc,6600.0,
gmc,Hummer EV Pickup,212 kWh,625,170,3.0,108700.0,electrico,5,1000,kWh,212.0,
gmc,Hummer EV SUV,212 kWh,625,170,3.5,105600.0,electrico,5,1000,kWh,212.0,
gmc,Yukon Denali,6200 cc,420,200,6.8,72800.0,gasolina,8,624,cc,6200.0,
gmc,Sierra Denali,6200 cc,420,190,6.7,66800.0,gasolina,6,624,cc,6200.0,
gmc,Terrain AT4,1500 cc,175,190,9.6,36500.0,gasolina,5,275,cc,1500.0,
gmc,Acadia AT4,3600 cc,310,210,7.6,41400.0,gasolina,6,366,cc,3600.0,
gmc,Sierra 1500 AT4,5300 cc,355,180,7.4,53800.0,gasolina,6,519,cc,5300.0,
gmc,Sierra 2500HD Denali,6600 cc,401,175,7.5,72200.0,diesel,6,1234,cc,6600.0,
gmc,Sierra Elevation,2700 cc,310,190,7.6,45000.0,gasolina,5,583,cc,2700.0,
gmc,Canyon AT4,2700 cc,310,190,7.5,43900.0,gasolina,5,583,cc,2700.0,
gmc,Canyon Denali,2700 cc,310,190,7.5,48000.0,gasolina,5,583,cc,2700.0,
gmc,Yukon XL Denali Ultimate,6200 cc,420,200,6.7,93800.0,gasolina,8,624,cc,6200.0,
gmc,Terrain Denali,1500 cc,175,190,9.5,38600.0,gasolina,5,275,cc,1500.0,
gmc,Acadia Denali,"3,564 cc",310,210,6.5,54300.0,gasolina,7,366,cc,3564.0,
gmc,Yukon AT4,"5,327 cc",355,210,7.1,71505.0,gasolina,8,519,cc,5327.0,
gmc,Yukon XL AT4,"5,327 cc",355,210,7.3,73305.0,gasolina,8,519,cc,5327.0,
gmc,Sierra 1500 Elevation,"2,713 cc",310,180,7.0,52000.0,gasolina,5,569,cc,2713.0,
gmc,Sierra 1500 SLT,"5,327 cc",355,180,6.8,56000.0,gasolina,5,519,cc,5327.0,
gmc,Sierra 2500HD AT4,"6,600 cc",401,170,7.5,70000.0,gasolina,5,629,cc,6600.0,
gmc,Sierra 3500HD AT4,"6,600 cc",401,170,7.7,72000.0,gasolina,5,629,cc,6600.0,
gmc,Canyon Elevation,"2,488 cc",200,175,8.5,36300.0,gasolina,5,259,cc,2488.0,
gmc,Canyon Denali Black Edition,"3,564 cc",308,180,6.9,44000.0,gasolina,5,373,cc,3564.0,
gmc,Sierra 1500 Denali Ultimate,"6,162 cc",420,200,5.8,80000.0,gasolina,5,624,cc,6162.0,
gmc,Yukon XL Denali Reserve,"6,162 cc",420,210,6.0,82000.0,gasolina,7,624,cc,6162.0,
gmc,Terrain Elevation Edition,"1,490 cc",170,200,9.3,28700.0,gasolina,5,275,cc,1490.0,
gmc,Acadia Black Edition,"3,564 cc",310,210,6.5,45000.0,gasolina,7,366,cc,3564.0,
gmc,Hummer EV SUV Edition 1,200 kWh,830,170,3.5,96550.0,electrico,5,15590,kWh,200.0,
gmc,Hummer EV Pickup Edition 1,200 kWh,1000,170,3.0,96550.0,electrico,5,15590,kWh,200.0,
gmc,Sierra Denali CarbonPro,"6,162 cc",420,200,5.8,65000.0,gasolina,5,624,cc,6162.0,
gmc,Yukon Denali Performance,"6,162 cc",420,210,6.0,76805.0,gasolina,8,624,cc,6162.0,
gmc,Sierra 2500HD Denali Black Edition,"6,600 cc",401,170,7.5,75000.0,gasolina,5,629,cc,6600.0,
gmc,Canyon AT4X,"3,564 cc",308,180,6.9,50000.0,gasolina,5,373,cc,3564.0,
gmc,Yukon XL SLT,"5,327 cc",355,210,7.3,65000.0,gasolina,8,519,cc,5327.0,
gmc,Sierra 1500 Pro,"4,300 cc",285,180,7.5,37700.0,gasolina,3,413,cc,4300.0,
gmc,Sierra 2500HD Pro,"6,600 cc",401,170,7.7,60000.0,gasolina,3,629,cc,6600.0,
gmc,Sierra 3500HD Pro,"6,600 cc",401,170,7.8,62000.0,gasolina,3,629,cc,6600.0,
gmc,Terrain SLT,"1,490 cc",170,200,9.4,31000.0,gasolina,5,275,cc,1490.0,
gmc,Acadia SLE,"3,564 cc",310,210,6.6,40000.0,gasolina,7,366,cc,3564.0,
gmc,Canyon SLT,"2,488 cc",200,175,8.6,38000.0,gasolina,5,259,cc,2488.0,
gmc,Yukon XL Elevation,"5,327 cc",355,210,7.4,75000.0,gasolina,8,519,cc,5327.0,
gmc,Sierra 1500 AT4X,"6,162 cc",420,200,5.9,82000.0,gasolina,5,624,cc,6162.0,
gmc,Hummer EV SUV Extreme Off-Road,200 kWh,830,170,3.6,110000.0,electrico,5,15590,kWh,200.0,
gmc,Sierra EV Denali,200 kWh,754,170,4.5,108700.0,electrico,5,1064,kWh,200.0,
gmc,Hummer EV Omega Edition,200 kWh,1000,170,3.0,112700.0,electrico,5,15590,kWh,200.0,
gmc,Canyon AT4X Edition 1,"3,564 cc",308,180,6.8,55000.0,gasolina,5,373,cc,3564.0,
gmc,Yukon Denali Ultimate Black,"6,162 cc",420,210,6.0,90000.0,gasolina,8,624,cc,6162.0,
gmc,Sierra HD Denali Reserve,"6,600 cc",401,170,7.5,85000.0,gasolina,5,629,cc,6600.0,
gmc,Acadia Denali Ultimate,"3,564 cc",310,210,6.5,60000.0,gasolina,7,366,cc,3564.0,
gmc,Terrain All-Terrain Edition,"1,490 cc",170,200,9.3,35000.0,gasolina,5,275,cc,1490.0,
gmc,Yukon Trailering Edition,"5,327 cc",355,210,7.5,78000.0,gasolina,8,519,cc,5327.0,
gmc,Hummer EV Adventure Series,200 kWh,830,170,3.6,105000.0,electrico,5,15590,kWh,200.0,
kia,Rio,1591 cc,120,180,10.3,17000.0,gasolina,5,151,cc,1591.0,
kia,Rio 5-Door,1591 cc,120,180,10.3,18000.0,gasolina,5,151,cc,1591.0,
kia,Seltos Nightfall Edition,1591 cc,175,210,7.5,28000.0,gasolina,5,264,cc,1591.0,
peugeot,508 PSE (Peugeot Sport Engineered),"1,599 cc (petrol) + Electric Motor",360,250,5.2,55000.0,hibrido,5,520,cc,1599.0,
kia,Sorento X-Line,2500 cc,277,220,7.0,42000.0,gasolina,7,421,cc,2500.0,
kia,Telluride SX,3778 cc,291,240,7.0,50000.0,gasolina,7,355,cc,3778.0,
kia,Forte LXS,1999 cc,147,190,9.2,19000.0,gasolina,5,179,cc,1999.0,
kia,K5 EX,1591 cc,180,220,7.8,28500.0,gasolina,5,264,cc,1591.0,
kia,Niro Plug-In Hybrid,1591 cc,139,180,10.5,33000.0,hibrido,5,265,cc,1591.0,
kia,EV6 Wind,77.4 kWh,225,190,5.2,50000.0,electrico,5,350,kWh,77.4,
kia,Soul Turbo,1591 cc,201,200,6.5,28000.0,gasolina,5,264,cc,1591.0,
kia,Seltos SX,1591 cc,175,210,7.5,28500.0,gasolina,5,264,cc,1591.0,
kia,Stinger Scorpion Edition,2500 cc,300,270,5.0,55000.0,gasolina,5,422,cc,2500.0,
kia,Sorento Hybrid SX Prestige,1591 cc,227,200,7.9,47000.0,hibrido,7,352,cc,1591.0,
kia,Carnival EX,3500 cc,290,220,8.0,42500.0,gasolina,8,355,cc,3500.0,
kia,Telluride Nightfall Edition,3778 cc,291,240,7.0,51000.0,gasolina,7,355,cc,3778.0,
peugeot,508 Plug-In Hybrid,"1,598 cc (petrol) + Electric Motor",225,210,7.5,44000.0,hibrido,5,360,cc,1598.0,
kia,EV6 First Edition,77.4 kWh,320,230,5.0,58000.0,electrico,5,450,kWh,77.4,
kia,Niro Touring,1591 cc,139,180,10.5,33000.0,hibrido,5,265,cc,1591.0,
kia,Forte GT-Line,1591 cc,201,200,6.5,25000.0,gasolina,5,264,cc,1591.0,
kia,Seltos EX,1999 cc,146,190,9.0,23500.0,gasolina,5,179,cc,1999.0,
peugeot,3008 Plug-In Hybrid,"1,598 cc (petrol) + Electric Motor",225,210,7.0,42000.0,hibrido,5,360,cc,1598.0,
kia,Sorento LX,2500 cc,191,210,8.5,35500.0,gasolina,7,246,cc,2500.0,
kia,Telluride EX,3778 cc,291,240,7.0,44000.0,gasolina,7,355,cc,3778.0,
kia,Soul EX,1999 cc,147,190,9.5,22000.0,gasolina,5,179,cc,1999.0,
kia,Forte FE,1999 cc,147,190,9.2,18500.0,gasolina,5,179,cc,1999.0,
kia,K5 GT-Line,1591 cc,180,220,7.8,29000.0,gasolina,5,264,cc,1591.0,
kia,Carnival LXS,3500 cc,290,220,8.0,39500.0,gasolina,8,355,cc,3500.0,
kia,EV6 Light,77.4 kWh,225,190,5.2,46000.0,electrico,5,350,kWh,77.4,
kia,Niro EX,1591 cc,139,180,10.5,30000.0,hibrido,5,265,cc,1591.0,
kia,Stinger GT,3300 cc,365,270,4.7,51500.0,gasolina,5,510,cc,3300.0,
kia,Sorento SX Prestige,1591 cc,227,200,7.9,48000.0,hibrido,7,352,cc,1591.0,
kia,Telluride SX Prestige,3778 cc,291,240,7.0,52000.0,gasolina,7,355,cc,3778.0,
peugeot,508 Hybrid4,"1,598 cc (petrol) + Electric Motor",300,235,6.0,47000.0,hibrido,5,520,cc,1598.0,
kia,EV6 GT Performance,77.4 kWh,577,260,3.5,65000.0,electrico,5,740,kWh,77.4,
kia,Niro SX Touring,1591 cc,139,180,10.5,34500.0,hibrido,5,265,cc,1591.0,
kia,Carnival SX Prestige,3500 cc,290,220,8.0,47000.0,gasolina,8,355,cc,3500.0,
kia,Seltos SX Turbo,1591 cc,175,210,7.5,32000.0,gasolina,5,264,cc,1591.0,
kia,Forte EX Premium,1999 cc,147,190,9.2,22500.0,gasolina,5,179,cc,1999.0,
kia,Soul EX Designer Edition,1999 cc,147,190,9.5,23500.0,gasolina,5,179,cc,1999.0,
kia,Rio S,1591 cc,120,180,10.3,17500.0,gasolina,5,151,cc,1591.0,
kia,Rio 5-Door S,1591 cc,120,180,10.3,18000.0,gasolina,5,151,cc,1591.0,
kia,Soul S,1999 cc,147,190,9.5,20500.0,gasolina,5,179,cc,1999.0,
kia,Seltos LX,1999 cc,146,190,9.2,23000.0,gasolina,5,179,cc,1999.0,
peugeot,3008 Hybrid4,"1,599 cc (Petrol) + Electric Motor",300,235,6.0,45000.0,hibrido,5,520,cc,1599.0,
kia,Sorento Hybrid EX,1591 cc,227,200,7.9,47000.0,hibrido,7,352,cc,1591.0,
kia,Telluride LX,3778 cc,291,240,7.0,41500.0,gasolina,7,355,cc,3778.0,
kia,Carnival MPV EX,3500 cc,290,220,8.0,43500.0,gasolina,8,355,cc,3500.0,
kia,EV6 AWD GT-Line,77.4 kWh,320,230,5.0,60000.0,electrico,5,450,kWh,77.4,
kia,Forte GT Turbo,1591 cc,201,200,6.5,25500.0,gasolina,5,264,cc,1591.0,
kia,Soul GT Designer Edition,1999 cc,147,190,9.5,23000.0,gasolina,5,179,cc,1999.0,
kia,Seltos X-Line Turbo,1591 cc,175,210,7.5,30000.0,gasolina,5,264,cc,1591.0,
peugeot,e-2008 GT,50 kWh,136,200,8.5,40000.0,electrico,5,260,kWh,50.0,
kia,Telluride Limited Edition,3778 cc,291,240,7.0,53000.0,gasolina,7,355,cc,3778.0,
kia,Stinger GT-Line,2500 cc,300,270,5.0,50000.0,gasolina,5,422,cc,2500.0,
kia,Carnival Special Edition,3500 cc,290,220,8.0,45500.0,gasolina,8,355,cc,3500.0,
kia,Niro SX Hybrid,1591 cc,139,180,10.5,36000.0,hibrido,5,265,cc,1591.0,
kia,EV6 First Edition AWD,77.4 kWh,320,230,5.0,62000.0,electrico,5,450,kWh,77.4,
kia,Sorento X-Pro Hybrid,1591 cc,227,200,7.8,49000.0,hibrido,7,352,cc,1591.0,
kia,Forte Limited Edition,1999 cc,147,190,9.2,22500.0,gasolina,5,179,cc,1999.0,
bugatti,Chiron,7993 cc,1500,420,2.5,3000000.0,gasolina,2,1600,cc,7993.0,
bugatti,Chiron Pur Sport,7993 cc,1500,350,2.3,3300000.0,gasolina,2,1600,cc,7993.0,
bugatti,Chiron Super Sport,7993 cc,1600,490,2.4,3500000.0,gasolina,2,1600,cc,7993.0,
bugatti,Chiron Sport,7993 cc,1500,420,2.4,3300000.0,gasolina,2,1600,cc,7993.0,
bugatti,Chiron Noire,7993 cc,1500,420,2.5,3300000.0,gasolina,2,1600,cc,7993.0,
bugatti,Divo,7993 cc,1500,380,2.4,5800000.0,gasolina,2,1600,cc,7993.0,
bugatti,Centodieci,7993 cc,1600,380,2.4,9000000.0,gasolina,2,1600,cc,7993.0,
bugatti,La Voiture Noire,7993 cc,1500,420,2.5,18000000.0,gasolina,2,1600,cc,7993.0,
bugatti,Bolide,7993 cc,1850,500,2.2,4500000.0,gasolina,2,1600,cc,7993.0,
bugatti,Mistral,7993 cc,1600,420,2.4,5000000.0,gasolina,2,1600,cc,7993.0,
volvo,Volvo FH,13000 cc,540,120,15.0,120000.0,diesel,2,2600,cc,13000.0,
volvo,Volvo FH16,16100 cc,750,120,14.5,160000.0,diesel,2,3500,cc,16100.0,
volvo,Volvo FM,12800 cc,460,110,16.0,100000.0,diesel,2,2200,cc,12800.0,
volvo,Volvo FMX,13000 cc,500,110,16.5,110000.0,diesel,2,2500,cc,13000.0,
volvo,Volvo VNL,12800 cc,500,120,15.0,125000.0,diesel,2,2400,cc,12800.0,
volvo,Volvo VNR,12800 cc,400,110,17.0,95000.0,diesel,2,1800,cc,12800.0,
volvo,Volvo VHD,12800 cc,500,100,18.0,120000.0,diesel,2,2500,cc,12800.0,
volvo,Volvo FE,7700 cc,280,90,20.0,85000.0,diesel,2,1200,cc,7700.0,
volvo,Volvo FL,5100 cc,180,80,22.0,75000.0,diesel,2,800,cc,5100.0,
jaguar land rover,Jaguar F-Type,2995 cc (V6),335,260,5.1,70000.0,gasolina,2,450,cc,29956.0,
jaguar land rover,Jaguar XE,1999 cc (I4),250,250,6.5,45000.0,gasolina,5,365,cc,19994.0,
jaguar land rover,Jaguar XF,1999 cc (I4),250,250,6.5,50000.0,gasolina,5,365,cc,19994.0,
jaguar land rover,Jaguar XJ,2995 cc (V6),300,250,6.0,85000.0,gasolina,5,400,cc,29956.0,
jaguar land rover,Jaguar E-PACE,1999 cc (I4),200,230,7.0,50000.0,gasolina,5,430,cc,19994.0,
jaguar land rover,Jaguar I-PACE,90 kWh (Battery),400,200,4.8,70000.0,electrico,5,696,kWh,90.0,
jaguar land rover,Jaguar F-PACE,1999 cc (I4) / 2995 cc (V6),250340,230,,,gasolina,5,365480,cc,1999429956.0,
jaguar land rover,Jaguar X-TYPE,1998 cc (I4),160,215,9.0,40000.0,gasolina,5,215,cc,19984.0,
jaguar land rover,Jaguar F-PACE R-Dynamic,1999 cc (I4) / 2995 cc (V6),340,250,5.4,65000.0,gasolina,5,480,cc,1999429956.0,
jaguar land rover,Jaguar XE R-Dynamic,1999 cc (I4),340,250,5.4,60000.0,gasolina,5,450,cc,19994.0,
jaguar land rover,Jaguar F-Type SVR,5000 cc (V8),575,320,3.7,120000.0,gasolina,2,700,cc,50008.0,
jaguar land rover,Jaguar I-PACE Electric Performance,90 kWh (Battery),400,200,4.5,85000.0,electrico,5,696,kWh,90.0,
jaguar land rover,Jaguar F-PACE SVR,5000 cc (V8),550,283,4.0,85000.0,gasolina,5,700,cc,50008.0,
jaguar land rover,Jaguar XE S,1999 cc (I4),340,250,5.3,55000.0,gasolina,5,450,cc,19994.0,
jaguar land rover,Jaguar XF R-Dynamic,1999 cc (I4) / 2995 cc (V6),340,250,5.4,65000.0,gasolina,5,480,cc,1999429956.0,
jaguar land rover,Jaguar XJ LWB (Long Wheelbase),2995 cc (V6),300,250,6.0,90000.0,gasolina,5,400,cc,29956.0,
jaguar land rover,Jaguar F-Type Heritage Edition,5000 cc (V8),550,300,3.9,110000.0,gasolina,2,680,cc,50008.0,
jaguar land rover,Jaguar E-PACE S,1999 cc (I4),200,230,7.0,50000.0,gasolina,5,430,cc,19994.0,
jaguar land rover,Jaguar I-PACE HSE,90 kWh (Battery),400,200,4.5,90000.0,electrico,5,696,kWh,90.0,
jaguar land rover,Jaguar F-Type V8 R,5000 cc (V8),550,300,3.9,100000.0,gasolina,2,680,cc,50008.0,
jaguar land rover,Jaguar F-Type R-Dynamic,1999 cc (I4) / 2995 cc (V6),300,250,5.1,70000.0,gasolina,2,400,cc,1999429956.0,
jaguar land rover,Jaguar XE P300 R-Dynamic,1999 cc (I4),300,250,5.5,55000.0,gasolina,5,400,cc,19994.0,
jaguar land rover,Jaguar XF Sportbrake,1999 cc (I4) / 2995 cc (V6),250,250,6.5,60000.0,gasolina,5,400,cc,1999429956.0,
jaguar land rover,Jaguar I-PACE EV400 HSE,90 kWh (Battery),400,200,4.5,85000.0,electrico,5,696,kWh,90.0,
jaguar land rover,Jaguar F-PACE S 30t AWD,1999 cc (I4),247,225,6.4,60000.0,gasolina,5,365,cc,19994.0,
jaguar land rover,Jaguar E-PACE R-Dynamic,1999 cc (I4),246,230,6.8,55000.0,gasolina,5,430,cc,19994.0,
jaguar land rover,Jaguar XJ50,2995 cc (V6),300,250,6.0,80000.0,gasolina,5,400,cc,29956.0,
jaguar land rover,Jaguar F-Type 75th Anniversary Edition,5000 cc (V8),550,300,3.9,100000.0,gasolina,2,680,cc,50008.0,
jaguar land rover,Jaguar F-PACE S AWD,1999 cc (I4) / 2995 cc (V6),340,250,5.4,65000.0,gasolina,5,480,cc,1999429956.0,
jaguar land rover,Jaguar XE SE,1999 cc (I4),250,240,6.2,50000.0,gasolina,5,365,cc,19994.0,
jaguar land rover,Jaguar F-Type V6 S Convertible,2995 cc (V6),380,280,4.8,80000.0,gasolina,2,460,cc,29956.0,
jaguar land rover,Jaguar XE R-Sport AWD,1999 cc (I4) / 2995 cc (V6),300,250,5.5,55000.0,gasolina,5,400,cc,1999429956.0,
jaguar land rover,Jaguar XF Portfolio AWD,1999 cc (I4) / 2995 cc (V6),340,250,5.4,60000.0,gasolina,5,450,cc,1999429956.0,
jaguar land rover,Jaguar F-Type Coupe R,5000 cc (V8),550,300,3.9,100000.0,gasolina,2,680,cc,50008.0,
jaguar land rover,Jaguar I-PACE First Edition,90 kWh (Battery),400,200,4.5,85000.0,electrico,5,696,kWh,90.0,
jaguar land rover,Jaguar F-PACE Prestige AWD,1999 cc (I4) / 2995 cc (V6),340,250,5.4,65000.0,gasolina,5,480,cc,1999429956.0,
jaguar land rover,Jaguar XJ Supercharged,5000 cc (V8),510,280,4.2,90000.0,gasolina,5,625,cc,50008.0,
jaguar land rover,Jaguar F-Type P450 AWD,5000 cc (V8),450,290,4.0,90000.0,gasolina,2,600,cc,50008.0,
jaguar land rover,Jaguar F-PACE P400e Plug-in Hybrid,1999 cc (I4) + Electric,398,220,5.1,75000.0,híbrido enchufable,5,640,cc,19994.0,
jaguar land rover,Jaguar F-Type P300 Coupe,1999 cc (I4),300,250,5.5,60000.0,gasolina,2,400,cc,19994.0,
acura,NSX Type S,"3,493 cc (V6)",600,307,2.9,157000.0,hibrido,2,666,cc,34936.0,
acura,TLX PMC Edition,"3,500 cc (V6)",290,250,5.7,62000.0,gasolina,5,362,cc,35006.0,
acura,MDX Advance,"3,500 cc (V6)",290,190,6.0,60000.0,gasolina,7,362,cc,35006.0,
acura,RDX Technology,"1,500 cc (I4)",272,210,6.6,45000.0,gasolina,5,400,cc,15004.0,
acura,ILX Premium,"2,400 cc (I4)",201,200,6.6,30000.0,gasolina,5,180,cc,24004.0,
acura,TLX A-Spec,"3,500 cc (V6)",290,250,5.7,50000.0,gasolina,5,362,cc,35006.0,
acura,RDX SH-AWD,"1,500 cc (I4)",272,210,6.6,50000.0,gasolina,5,400,cc,15004.0,
acura,MDX SH-AWD,"3,500 cc (V6)",290,190,6.0,55000.0,gasolina,7,362,cc,35006.0,
acura,RDX Platinum Elite,"1,500 cc (I4)",272,210,6.6,55000.0,gasolina,5,400,cc,15004.0,
acura,TLX A-Spec Sedan,"3,500 cc (V6)",290,250,5.7,50000.0,gasolina,5,362,cc,35006.0,
acura,TLX 2.4L,"2,400 cc",206,210,6.0,35000.0,gasolina,5,247,cc,2400.0,
acura,MDX Hybrid,"3,500 cc",321,190,6.0,55000.0,hibrido,7,335,cc,3500.0,
acura,RDX Hybrid,"1,500 cc",247,210,6.6,50000.0,hibrido,5,400,cc,1500.0,
acura,ILX Technology Package,"2,400 cc",201,200,6.6,30000.0,gasolina,5,180,cc,2400.0,
acura,NSX GT3 (Track Version),"3,493 cc",500,300,3.0,150000.0,hibrido,2,600,cc,3493.0,
acura,RDX Turbo AWD,"1,500 cc",272,210,6.6,45000.0,gasolina,5,400,cc,1500.0,
acura,TLX 3.5L V6,"3,500 cc",290,250,5.7,50000.0,gasolina,5,362,cc,3500.0,
acura,ILX Special Edition,"2,400 cc",201,200,6.6,30000.0,gasolina,5,180,cc,2400.0,
acura,MDX SH-AWD w/Technology Package,"3,500 cc",290,190,6.0,55000.0,gasolina,7,362,cc,3500.0,
acura,NSX 3.5L Hybrid Coupe,"3,493 cc",537,307,2.9,157000.0,hibrido,2,666,cc,3493.0,
acura,MDX Elite,"3,500 cc",290,190,6.0,58000.0,gasolina,7,362,cc,3500.0,
acura,TLX V6 Advance,"3,500 cc",290,250,5.7,46000.0,gasolina,5,362,cc,3500.0,
acura,NSX Carbon Edition,"3,493 cc",537,307,2.9,157000.0,hibrido,2,666,cc,3493.0,
acura,RDX Turbo SH-AWD,"1,500 cc",272,210,6.6,42000.0,gasolina,5,400,cc,1500.0,
acura,ILX Technology Plus,"2,400 cc",201,200,6.6,28000.0,gasolina,5,180,cc,2400.0,
acura,TLX Type S PMC Edition,"3,000 cc",355,250,5.1,54000.0,gasolina,5,480,cc,3000.0,
acura,MDX Sport Hybrid,"3,500 cc",321,190,6.0,52000.0,hibrido,7,335,cc,3500.0,
peugeot,208,"1,199 cc",82,180,10.5,22000.0,gasolina,5,160,cc,1199.0,
peugeot,2008,"1,199 cc",100,190,9.0,25000.0,gasolina,5,205,cc,1199.0,
peugeot,301,"1,598 cc",115,185,10.0,23500.0,gasolina,5,150,cc,1598.0,
peugeot,308,"1,598 cc",130,200,8.0,28000.0,gasolina,5,230,cc,1598.0,
peugeot,3008,"1,598 cc",180,210,7.5,32000.0,gasolina,5,400,cc,1598.0,
peugeot,5008,"1,998 cc",165,200,9.5,35000.0,diesel,7,400,cc,1998.0,
peugeot,508,"1,998 cc",180,235,8.0,35500.0,gasolina,5,300,cc,1998.0,
peugeot,Partner,"1,560 cc",75,160,12.0,22500.0,diesel,5,200,cc,1560.0,
peugeot,Expert,"1,997 cc",120,180,10.0,30000.0,diesel,3,300,cc,1997.0,
peugeot,Boxer,"2,200 cc",140,160,11.0,32000.0,diesel,3,340,cc,2200.0,
peugeot,e-208,50 kWh,136,150,8.1,35000.0,electrico,5,260,kWh,50.0,
peugeot,e-2008,50 kWh,136,150,8.5,38000.0,electrico,5,260,kWh,50.0,
peugeot,208 GTI,"1,598 cc",208,230,6.5,28000.0,gasolina,5,300,cc,1598.0,
peugeot,308 GTI,"1,598 cc",270,250,6.0,35000.0,gasolina,5,330,cc,1598.0,
peugeot,508 PSE (Peugeot Sport Engineered),"1,598 cc (petrol) + Electric Motor",360,250,5.2,55000.0,hibrido,5,520,cc,1598.0,
peugeot,308 Allure,"1,199 cc",130,205,9.3,25000.0,gasolina,5,230,cc,1199.0,
peugeot,2008 Allure,"1,199 cc",130,200,9.7,27000.0,gasolina,5,230,cc,1199.0,
peugeot,3008 Allure,"1,499 cc",180,210,8.0,30000.0,gasolina,5,250,cc,1499.0,
peugeot,5008 Allure,"1,499 cc",180,200,8.5,33000.0,gasolina,7,250,cc,1499.0,
peugeot,508 Allure,"1,499 cc",180,225,8.0,35000.0,gasolina,5,250,cc,1499.0,
peugeot,3008 GT,"1,598 cc",200,220,7.5,35000.0,gasolina,5,280,cc,1598.0,
peugeot,508 GT,"1,598 cc",225,235,6.8,40000.0,gasolina,5,300,cc,1598.0,
peugeot,3008 GT Hybrid,"1,598 cc (petrol) + Electric Motor",300,235,6.0,45000.0,hibrido,5,400,cc,1598.0,
peugeot,5008 GT Hybrid,"1,598 cc (petrol) + Electric Motor",300,210,6.5,48000.0,hibrido,7,400,cc,1598.0,
peugeot,208 Allure Premium,"1,199 cc",130,200,9.5,28000.0,gasolina,5,230,cc,1199.0,
peugeot,Partner Tepee,"1,560 cc",100,170,12.0,25000.0,diesel,5,260,cc,1560.0,
peugeot,Expert L2H1,"1,997 cc",120,160,13.0,30000.0,diesel,3,320,cc,1997.0,
peugeot,Boxer L2H2,"2,200 cc",130,140,14.0,35000.0,diesel,3,350,cc,2200.0,
peugeot,Partner Electric,-,136,130,9.0,40000.0,electrico,5,260,,,
peugeot,Expert Electric,-,136,130,9.5,45000.0,electrico,5,260,,,
peugeot,208 PSE (Peugeot Sport Engineered),"1,598 cc (petrol) + Electric Motor",225,250,5.5,45000.0,hibrido,5,360,cc,1598.0,
peugeot,308 PSE,"1,598 cc (petrol) + Electric Motor",360,250,5.0,55000.0,hibrido,5,520,cc,1598.0,
peugeot,508 PSE,"1,598 cc (petrol) + Electric Motor",360,250,5.2,60000.0,hibrido,5,520,cc,1598.0,
peugeot,3008 PSE,"1,598 cc (petrol) + Electric Motor",300,235,6.0,50000.0,hibrido,5,400,cc,1598.0,
peugeot,2008 Active,"1,199 cc",100,190,11.2,22000.0,gasolina,5,205,cc,1199.0,
peugeot,3008 Active,"1,499 cc",130,200,10.0,30000.0,gasolina,5,240,cc,1499.0,
peugeot,5008 Active,"1,499 cc",130,190,10.5,33000.0,gasolina,7,240,cc,1499.0,
peugeot,3008 Allure Premium,"1,499 cc",130,200,9.8,32000.0,gasolina,5,240,cc,1499.0,
peugeot,5008 Allure Premium,"1,499 cc",130,190,10.2,35000.0,gasolina,7,240,cc,1499.0,
peugeot,3008 GT Line,"1,598 cc",180,210,8.5,35000.0,gasolina,5,250,cc,1598.0,
peugeot,5008 GT Line,"1,598 cc",180,200,9.0,38000.0,gasolina,7,250,cc,1598.0,
peugeot,2008 GT,"1,199 cc",130,200,9.3,25000.0,gasolina,5,230,cc,1199.0,
peugeot,5008 GT,"1,598 cc",180,210,8.2,40000.0,gasolina,7,250,cc,1598.0,
peugeot,508 SW (Station Wagon),"1,598 cc",180,220,8.4,35000.0,gasolina,5,300,cc,1598.0,
peugeot,508 Saloon,"1,598 cc",180,210,8.6,37000.0,gasolina,5,300,cc,1598.0,
peugeot,308 Saloon,"1,199 cc",130,200,9.0,28000.0,gasolina,5,230,cc,1199.0,
peugeot,301 Sedan,"1,199 cc",82,180,12.0,20000.0,gasolina,5,115,cc,1199.0,
peugeot,208 Sedan,"1,199 cc",100,190,11.2,22000.0,gasolina,5,205,cc,1199.0,
ford,Fusion (Mondeo),"1,500 - 2,000 cc",160,220,7.5,25000.0,gasolina/hibrido,5,200,cc,1500.0,
ford,Taurus,"2,000 - 3,500 cc",200,220,6.5,30000.0,gasolina,5,300,cc,2000.0,
ford,Fiesta,"1,000 - 1,500 cc",85,200,7.0,15000.0,gasolina,5,130,cc,1000.0,
ford,Focus,"1,000 - 2,000 cc",120,220,6.5,20000.0,gasolina,5,150,cc,1000.0,
ford,KA+,"1,200 cc",70,165,10.5,12000.0,gasolina,5,100,cc,1200.0,
ford,EcoSport,"1,000 - 2,000 cc",123,180,9.0,20000.0,gasolina,5,170,cc,1000.0,
ford,Escape (Kuga),"1,500 - 2,500 cc",181,190,7.5,25000.0,gasolina/hibrido,5,230,cc,1500.0,
ford,Edge,"2,000 - 2,700 cc",250,200,6.5,35000.0,gasolina,5,400,cc,2000.0,
ford,Explorer,"2,300 - 3,000 cc",300,200,6.0,35000.0,gasolina,7,420,cc,2300.0,
ford,Expedition,"3,500 - 5,400 cc",375,180,6.5,50000.0,gasolina,8,650,cc,3500.0,
ford,Bronco,"2,300 - 2,700 cc",275,200,7.5,30000.0,gasolina,4,400,cc,2300.0,
ford,Bronco Sport,"1,500 - 2,000 cc",181,185,7.0,26000.0,gasolina,5,250,cc,1500.0,
ford,F-150,"3,300 - 5,000 cc",290,200,5.0,35000.0,gasolina/diesel,5,400,cc,3300.0,
ford,F-250 Super Duty,"6,200 - 7,300 cc",385,180,6.5,40000.0,gasolina/diesel,5,700,cc,6200.0,
ford,F-350 Super Duty,"6,700 - 7,300 cc",450,180,7.0,45000.0,diesel,5,1050,cc,6700.0,
ford,Maverick,"2,500 - 2,000 cc",191,180,6.5,22000.0,hibrido/gasolina,5,250,cc,2500.0,
ford,Ranger,"2,300 - 2,700 cc",270,180,6.0,25000.0,gasolina/diesel,5,400,cc,2300.0,
ford,Mustang Mach-E,Battery (68-98 kWh),290,180,3.5,43000.0,electrico,5,430,Battery,68.0,
ford,F-150 Lightning,Battery (98 kWh),452,180,4.5,40000.0,electrico,5,1051,Battery,98.0,
ford,Escape Hybrid,"2,500 cc",200,180,7.7,28000.0,hibrido,5,210,cc,2500.0,
ford,Explorer Hybrid,"3,300 cc",318,180,7.5,50000.0,hibrido,7,500,cc,3300.0,
ford,Mustang,"5,000 cc",450,250,4.3,55000.0,gasolina,4,530,cc,5000.0,
ford,GT,"3,500 cc",660,348,3.0,500000.0,gasolina,2,746,cc,3500.0,
ford,Focus ST,"2,300 cc",280,250,5.7,30000.0,gasolina,5,420,cc,2300.0,
ford,Fiesta ST,"1,500 cc",200,230,6.5,23000.0,gasolina,5,290,cc,1500.0,
ford,Bronco Raptor,"3,000 cc",400,220,5.5,70000.0,gasolina,4,583,cc,3000.0,
ford,Ranger Raptor,"2,700 cc",392,200,6.0,45000.0,gasolina,5,583,cc,2700.0,
ford,F-150 Raptor,"3,500 cc",450,200,5.0,70000.0,gasolina,5,691,cc,3500.0,
ford,Puma,"1,000 cc",123,191,9.6,28000.0,gasolina,5,200,cc,1000.0,
ford,Territory,"1,500 cc",140,180,11.0,32000.0,gasolina,5,225,cc,1500.0,
ford,Everest,"2,000 cc",210,190,10.5,52000.0,diesel,7,500,cc,2000.0,
ford,Flex,"3,500 cc",287,200,7.9,31000.0,gasolina,7,345,cc,3500.0,
ford,Transit,"2,000 cc",170,160,12.0,43455.0,diesel,,405,cc,2000.0,
ford,Transit Connect,"2,000 cc",162,175,10.5,29365.0,gasolina,,200,cc,2000.0,
ford,F-450 Super Duty,"6,700 cc",475,165,8.5,61625.0,diesel,,1424,cc,6700.0,
ford,F-550 Super Duty,"6,700 cc",475,165,8.8,64540.0,diesel,,1424,cc,6700.0,
ford,Mustang Shelby GT500,"5,200 cc",760,290,3.5,79420.0,gasolina,2,847,cc,5200.0,
ford,Mustang Shelby GT350,"5,200 cc",526,280,4.0,59140.0,gasolina,2,582,cc,5200.0,
ford,F-150 Platinum,"3,500 cc",400,180,6.5,64695.0,gasolina,5,678,cc,3500.0,
ford,F-150 Limited,"3,500 cc",450,190,6.1,84910.0,gasolina,5,678,cc,3500.0,
ford,Explorer Platinum,"3,000 cc",400,230,6.0,56505.0,gasolina,7,563,cc,3000.0,
ford,Expedition King Ranch,"3,500 cc",440,210,6.8,79560.0,gasolina,,691,cc,3500.0,
ford,Transit Custom,"2,000 cc",130,160,12.5,35000.0,diesel,,385,cc,2000.0,
ford,E-Series Cutaway,"7,300 cc",350,140,13.0,36000.0,gasolina,2,569,cc,7300.0,
ford,Transit Chassis Cab,"2,000 cc",170,160,11.5,37000.0,diesel,2,405,cc,2000.0,
ford,Transit Electric (E-Transit),89 kWh (Electric),266,140,9.0,52000.0,electrico,,430,kWh,89.0,
ford,Explorer Plug-in Hybrid,"3,000 cc (petrol) + Electric Motor",457,225,6.0,53000.0,hibrido,7,825,cc,3000.0,
ford,Maverick Hybrid,"2,500 cc (petrol) + Electric Motor",191,180,7.8,25000.0,hibrido,5,210,cc,2500.0,
ford,Mustang (2024),"5,000 cc",450,250,4.5,60000.0,gasolina,4,570,cc,5000.0,
ford,Ranger (2024),"2,000 cc",210,180,8.0,40000.0,diesel,5,500,cc,2000.0,
ford,Escape Plug-in Hybrid (2024),"2,500 cc (petrol) + Electric Motor",221,190,7.5,38000.0,hibrido,5,210,cc,2500.0,
ford,Bronco (2024),"2,700 cc",310,200,6.7,45000.0,gasolina,5,542,cc,2700.0,
ford,Explorer (2024),"3,000 cc",400,230,5.9,55000.0,gasolina,7,563,cc,3000.0,
mitsubishi,Mirage,"1,200 cc",78,170,12.0,16000.0,gasolina,5,100,cc,1200.0,
mitsubishi,Mirage G4,"1,200 cc",78,170,12.0,17000.0,gasolina,5,100,cc,1200.0,
mitsubishi,Outlander,"2,500 cc",181,190,9.5,28000.0,gasolina,7,245,cc,2500.0,
mitsubishi,Outlander PHEV,"2,400 cc / 20 kWh battery",248,170,10.5,39000.0,hibrido,5,300,cc,240020.0,
mitsubishi,Eclipse Cross,"1,500 cc",152,180,9.8,25000.0,gasolina,5,250,cc,1500.0,
mitsubishi,ASX (Outlander Sport),"2,000 cc",148,190,10.0,23000.0,gasolina,5,197,cc,2000.0,
mitsubishi,Pajero,"3,200 cc",189,180,10.5,40000.0,diesel,7,441,cc,3200.0,
mitsubishi,Pajero Sport,"2,400 cc",181,180,11.0,35000.0,diesel,7,430,cc,2400.0,
mitsubishi,Triton (L200),"2,400 cc",181,177,10.5,25000.0,diesel,5,430,cc,2400.0,
mitsubishi,Lancer Evolution X,"2,000 cc",291,240,5.0,40000.0,gasolina,5,407,cc,2000.0,
mitsubishi,i-MiEV (Electric),16 kWh battery,66,130,15.0,23000.0,electrico,4,196,kWh,16.0,
mitsubishi,Xpander,"1,500 cc",105,170,13.5,20000.0,gasolina,7,141,cc,1500.0,
mitsubishi,Delica D:5,"2,200 cc",145,175,11.0,35000.0,diesel,7,360,cc,2200.0,
mitsubishi,Colt,"1,100 - 1,500 cc",75,180,9.0,15000.0,gasolina,5,100,cc,1100.0,
mitsubishi,Grandis,"2,400 cc",165,190,11.0,25000.0,gasolina,7,217,cc,2400.0,
mitsubishi,Outlander Black Edition,"2,500 cc",181,190,9.5,32000.0,gasolina,7,245,cc,2500.0,
mitsubishi,Outlander SEL,"2,500 cc",181,190,9.5,31000.0,gasolina,7,245,cc,2500.0,
mitsubishi,Outlander SE,"2,500 cc",181,190,9.5,29000.0,gasolina,7,245,cc,2500.0,
mitsubishi,Eclipse Cross Black Edition,"1,500 cc",152,180,9.8,28000.0,gasolina,5,250,cc,1500.0,
mitsubishi,ASX Exceed,"2,000 cc",148,190,10.0,26000.0,gasolina,5,197,cc,2000.0,
mitsubishi,Triton Athlete,"2,400 cc",181,177,10.5,27000.0,diesel,5,430,cc,2400.0,
mitsubishi,Pajero Final Edition,"3,200 cc",189,180,10.5,45000.0,diesel,7,441,cc,3200.0,
mitsubishi,L200 Barbarian X,"2,400 cc",181,177,10.5,30000.0,diesel,5,430,cc,2400.0,
mitsubishi,Space Star,"1,200 cc",78,170,12.0,15000.0,gasolina,5,100,cc,1200.0,
mitsubishi,Lancer EX,"1,600 - 2,000 cc",117,200,10.0,20000.0,gasolina,5,154,cc,1600.0,
mitsubishi,Montero Sport,"2,400 cc",181,180,11.0,35000.0,diesel,7,430,cc,2400.0,
mitsubishi,Attrage,"1,200 cc",78,170,12.5,15000.0,gasolina,5,100,cc,1200.0,
mitsubishi,RVR SE,"2,000 cc",148,190,10.5,23000.0,gasolina,5,197,cc,2000.0,
mitsubishi,Delica Van,"2,000 - 2,200 cc",145,175,11.5,30000.0,diesel,7,360,cc,2000.0,
mitsubishi,Lancer GLX,"1,600 cc",115,190,11.5,17000.0,gasolina,5,154,cc,1600.0,
mitsubishi,Pajero GLS,"3,200 cc",189,180,10.5,45000.0,diesel,7,441,cc,3200.0,
mitsubishi,Xpander Cross,"1,500 cc",105,170,12.0,20000.0,gasolina,7,141,cc,1500.0,
mitsubishi,Eclipse Cross PHEV,"2,400 cc",188,180,10.5,35000.0,híbrido enchufable,5,199,cc,2400.0,
mitsubishi,Outlander ES,"2,500 cc",181,190,9.5,28000.0,gasolina,7,245,cc,2500.0,
mitsubishi,Montero GLX,"2,400 cc",181,180,11.0,35000.0,diesel,7,430,cc,2400.0,
mitsubishi,Triton GLX-R,"2,400 cc",181,177,10.5,27000.0,diesel,5,430,cc,2400.0,
mitsubishi,ASX Dynamic,"2,000 cc",148,190,10.0,25000.0,gasolina,5,197,cc,2000.0,
mitsubishi,Mirage ES,"1,200 cc",78,170,12.5,15000.0,gasolina,5,100,cc,1200.0,
mitsubishi,Outlander LE,"2,500 cc",181,190,9.5,30000.0,gasolina,7,245,cc,2500.0,
mitsubishi,Space Runner,"1,800 cc",140,185,10.5,20000.0,gasolina,5,170,cc,1800.0,
mitsubishi,Toppo BJ,660 cc,52,130,15.0,10000.0,gasolina,4,60,cc,660.0,
mitsubishi,Chariot,"2,000 cc",140,185,10.5,20000.0,gasolina,7,170,cc,2000.0,
mitsubishi,Lancer SE Limited,"2,000 cc",148,200,10.0,20000.0,gasolina,5,197,cc,2000.0,
mitsubishi,Pajero SWB (Short Wheel Base),"3,200 cc",189,180,10.5,45000.0,diesel,5,441,cc,3200.0,
mitsubishi,Delica Space Gear,"2,400 cc",145,170,13.0,30000.0,gasolina,7,206,cc,2400.0,
mitsubishi,i (Kei Car),660 cc,64,130,15.5,12000.0,gasolina,4,94,cc,660.0,
mitsubishi,Dion,"2,000 cc",135,180,11.5,15000.0,gasolina,7,181,cc,2000.0,
mitsubishi,Airtrek,"2,400 cc",160,190,11.0,20000.0,gasolina,5,214,cc,2400.0,
mitsubishi,eK Space,660 cc,52,130,15.0,10000.0,gasolina,4,60,cc,660.0,
mitsubishi,eK X,660 cc,64,140,13.5,12000.0,gasolina,4,94,cc,660.0,
mitsubishi,Colt CZC Convertible,"1,500 cc",147,200,9.5,25000.0,gasolina,4,210,cc,1500.0,
mitsubishi,Galant Fortis,"2,000 cc",154,200,10.0,18000.0,gasolina,5,200,cc,2000.0,
mitsubishi,Endeavor,"3,800 cc",225,190,9.5,28000.0,gasolina,5,343,cc,3800.0,
mitsubishi,Grand Lancer,"1,800 cc",138,190,11.5,20000.0,gasolina,5,173,cc,1800.0,
mitsubishi,Sigma,"3,000 cc",210,220,8.5,35000.0,gasolina,5,270,cc,3000.0,
mitsubishi,Town Box,660 cc,48,120,16.0,10000.0,gasolina,4,60,cc,660.0,
mazda,Mazda3,"2,000 cc",155,200,8.9,22000.0,gasolina,5,213,cc,2000.0,
mazda,Mazda3 Hatchback,"2,500 cc",186,210,8.3,24000.0,gasolina,5,252,cc,2500.0,
mazda,Mazda6,"2,500 cc",250,240,6.4,27000.0,gasolina,5,420,cc,2500.0,
mazda,CX-3,"2,000 cc",146,180,9.5,21000.0,gasolina,5,197,cc,2000.0,
mazda,CX-30,"2,500 cc",186,204,8.7,23000.0,gasolina,5,252,cc,2500.0,
mazda,CX-5,"2,500 cc",187,200,8.8,26000.0,gasolina,5,252,cc,2500.0,
mazda,CX-50,"2,500 cc",256,220,6.9,29000.0,gasolina,5,434,cc,2500.0,
mazda,CX-8,"2,200 cc",187,200,9.2,36000.0,diesel,7,450,cc,2200.0,
mazda,CX-9,"2,500 cc",250,210,7.2,38000.0,gasolina,7,420,cc,2500.0,
mazda,CX-90,"3,300 cc",340,240,6.2,50000.0,gasolina,7,500,cc,3300.0,
mazda,MX-5 Miata,"2,000 cc",181,225,6.5,27000.0,gasolina,2,205,cc,2000.0,
mazda,MX-5 Miata RF,"2,000 cc",181,225,6.5,33000.0,gasolina,2,205,cc,2000.0,
mazda,MX-30 Electric,35.5 kWh battery,143,140,9.7,33000.0,electrico,5,271,kWh,35.5,
mazda,CX-4,"2,000 cc",158,190,9.6,22000.0,gasolina,5,202,cc,2000.0,
mazda,CX-7,"2,300 cc",244,210,7.9,28000.0,gasolina,5,350,cc,2300.0,
mazda,Tribute,"3,000 cc",200,190,9.0,24000.0,gasolina,5,270,cc,3000.0,
mazda,B-Series Pickup,"2,500 cc",143,170,11.5,20000.0,diesel,5,330,cc,2500.0,
mazda,BT-50,"3,200 cc",200,180,10.0,27000.0,diesel,5,470,cc,3200.0,
mazda,RX-7,"1,300 cc",276,250,5.5,30000.0,gasolina,4,314,cc,1300.0,
mazda,RX-3,"1,200 cc",110,180,8.9,15000.0,gasolina,4,145,cc,1200.0,
mazda,323F,"1,600 cc",105,180,10.5,14000.0,gasolina,5,145,cc,1600.0,
mazda,Familia Sedan,"1,500 cc",100,175,11.0,12000.0,gasolina,5,135,cc,1500.0,
mazda,Premacy,"2,000 cc",138,190,9.8,18000.0,gasolina,7,180,cc,2000.0,
mazda,Demio,"1,500 cc",108,180,10.2,13000.0,gasolina,5,142,cc,1500.0,
mazda,Millenia,"2,300 cc",210,215,8.2,25000.0,gasolina,5,280,cc,2300.0,
mazda,Eunos Cosmo,"2,000 cc",280,240,6.0,40000.0,gasolina,4,300,cc,2000.0,
mazda,Atenza,"2,500 cc",192,210,8.5,22000.0,gasolina,5,252,cc,2500.0,
mazda,Roadpacer AP,"1,300 cc",130,170,11.5,20000.0,gasolina,5,165,cc,1300.0,
mazda,626,"2,000 cc",140,190,9.5,18000.0,gasolina,5,180,cc,2000.0,
mazda,929,"3,000 cc",205,220,8.0,25000.0,gasolina,5,270,cc,3000.0,
mazda,Luce,"1,800 cc",135,180,10.5,15000.0,gasolina,5,170,cc,1800.0,
mazda,Capella,"1,600 cc",110,175,11.2,14000.0,gasolina,5,145,cc,1600.0,
mazda,Carol,660 cc,63,140,15.5,9000.0,gasolina,4,90,cc,660.0,
mazda,Autozam AZ-1,657 cc,63,140,11.0,12000.0,gasolina,2,85,cc,657.0,
mazda,Spiano,660 cc,54,130,16.0,8000.0,gasolina,4,80,cc,660.0,
mazda,Verisa,"1,500 cc",113,170,11.0,14000.0,gasolina,5,140,cc,1500.0,
mazda,MX-6,"2,500 cc",164,210,8.8,18000.0,gasolina,4,215,cc,2500.0,
mazda,MPV,"3,000 cc",200,185,9.5,25000.0,gasolina,7,265,cc,3000.0,
mazda,Proceed Marvie,"2,600 cc",120,160,12.0,20000.0,gasolina,5,200,cc,2600.0,
mazda,Sentia,"3,000 cc",200,200,9.0,22000.0,gasolina,5,265,cc,3000.0,
mazda,Cronos,"2,500 cc",160,190,8.5,18000.0,gasolina,5,210,cc,2500.0,
mazda,Scrum,660 cc,63,130,15.0,9000.0,gasolina,4,85,cc,660.0,
mazda,Parkway,"1,800 cc",115,160,12.5,20000.0,gasolina,5,155,cc,1800.0,
mazda,Titan (Truck),"3,000 cc",130,120,15.0,25000.0,diesel,2,300,cc,3000.0,
mazda,CX-60,"2,500 cc",187,200,8.5,40000.0,gasolina/diesel,5,250,cc,2500.0,
mazda,CX-80,"3,000 cc",250,210,7.5,45000.0,gasolina,7,400,cc,3000.0,
mazda,T1500,"1,500 cc",75,120,18.0,15000.0,gasolina,2,105,cc,1500.0,
mazda,Bongo Van,"2,000 cc",100,160,14.0,18000.0,gasolina/diesel,3,140,cc,2000.0,
mazda,Bongo Friendee,"2,500 cc",115,160,12.5,20000.0,gasolina/diesel,7,160,cc,2500.0,
mazda,Revue,"1,300 cc",75,130,15.5,10000.0,gasolina,5,110,cc,1300.0,
mazda,Protegé,"1,800 cc",125,185,9.0,15000.0,gasolina,5,170,cc,1800.0,
mazda,Xedos 6,"2,500 cc",170,215,8.5,25000.0,gasolina,5,230,cc,2500.0,
mazda,Xedos 9,"3,000 cc",200,220,7.5,30000.0,gasolina,5,260,cc,3000.0,
mazda,121,"1,300 cc",70,155,13.0,12000.0,gasolina,5,110,cc,1300.0,
mazda,1200,"1,200 cc",60,130,16.0,10000.0,gasolina,4,90,cc,1200.0,
mazda,1500,"1,500 cc",85,145,14.0,12000.0,gasolina,5,120,cc,1500.0,
mazda,RX-2,"1,308 cc",130,185,8.5,20000.0,gasolina,4,220,cc,1308.0,
mazda,RX-5,"1,588 cc",135,190,8.0,25000.0,gasolina,4,210,cc,1588.0,
mazda,RX-7 Spirit R,"1,308 cc",280,250,5.5,35000.0,gasolina,2,290,cc,1308.0,
mazda,Cosmo Sport (110S),"1,000 cc",110,170,10.0,30000.0,gasolina,2,150,cc,1000.0,
mazda,Eunos 500,"1,998 cc",135,200,9.0,25000.0,gasolina,5,170,cc,1998.0,
mazda,Eunos Roadster,"1,590 cc",116,180,9.5,15000.0,gasolina,2,140,cc,1590.0,
mazda,Familia Astina,"1,800 cc",135,200,8.5,20000.0,gasolina,5,170,cc,1800.0,
mazda,Savanna RX-7,"1,308 cc",165,230,7.5,28000.0,gasolina,2,230,cc,1308.0,
mazda,Capella Cargo,"2,000 cc",115,180,12.0,18000.0,gasolina,4,160,cc,2000.0,
mazda,818,"1,600 cc",100,170,12.5,14000.0,gasolina,5,130,cc,1600.0,
mazda,Sentia Hardtop Coupe,"2,500 cc",160,210,8.0,30000.0,gasolina,4,220,cc,2500.0,
mazda,Biante,"2,000 cc",150,185,10.0,22000.0,gasolina,7,200,cc,2000.0,
mazda,Premacy Hydrogen RE Hybrid,"1,308 cc",200,180,9.5,40000.0,hibrido,5,260,cc,1308.0,
mazda,Carol P360,360 cc,26,85,35.0,8000.0,gasolina,4,45,cc,360.0,
mazda,T2000,"2,000 cc",110,170,12.5,18000.0,gasolina,2,160,cc,2000.0,
mazda,AZ-Offroad,"1,298 cc",85,145,12.0,15000.0,gasolina,5,130,cc,1298.0,
mazda,Scrum Wagon,657 cc,64,120,15.5,10000.0,gasolina,4,95,cc,657.0,
mazda,Persona,"1,497 cc",92,160,13.5,13000.0,gasolina,5,130,cc,1497.0,
mazda,Astina,"1,800 cc",140,190,8.5,20000.0,gasolina,5,160,cc,1800.0,
mazda,Etude,"1,598 cc",105,170,10.0,14000.0,gasolina,5,135,cc,1598.0,
mazda,Porter,"1,497 cc",95,130,14.0,12000.0,gasolina,2,130,cc,1497.0,
mazda,MX-3,"1,598 cc",130,190,8.5,18000.0,gasolina,4,140,cc,1598.0,
mazda,MX-5 Superlight Concept,"1,798 cc",143,200,7.5,30000.0,gasolina,2,160,cc,1798.0,
mazda,Premacy Hydrogen RE,"1,308 cc",200,180,9.5,40000.0,hibrido,5,260,cc,1308.0,
mazda,Bongo Truck,"1,998 cc",120,130,15.0,15000.0,gasolina,2,150,cc,1998.0,
mazda,Rotary Pickup,"1,308 cc",130,150,14.5,18000.0,gasolina,2,160,cc,1308.0,
mazda,Luce Rotary Coupe,"1,308 cc",135,175,12.0,25000.0,gasolina,4,180,cc,1308.0,
mazda,Millenia S,"2,500 cc",200,220,8.0,30000.0,gasolina,5,250,cc,2500.0,
mazda,787B (Race Car),"2,620 cc",700,320,3.5,5000000.0,gasolina,1,500,cc,2620.0,
toyota,Crown Signia,2487 cc,240,180,7.6,,hibrido (gas + electrico),5,239,cc,2487.0,
toyota,4Runner (6th Gen),2393 cc + Battery,326,180,6.8,50000.0,hibrido,7,630,cc,2393.0,
toyota,Corolla Cross,1987 cc / Hybrid batt,169196,190,,,gas / hibrido,5,190210,cc,1987.0,
toyota,C-HR+,1798 / 1987 cc + batt,140198,180,,,hibrido,5,190205,cc,17981987.0,
toyota,RAV4 (6th Gen),2487 cc + batt,219302,200,,,hibrido enchufable,5,221400,cc,2487.0,
